Workbook

Sheet CIP-Main data
A1: Sector | B1: Year | C1: Month | D1: Year with Month | E1: Cereals and products | F1: Meat and fish | G1: Egg | H1: Milk and products | I1: Oils and fats | J1: Fruits | K1: Vegetables | L1: Pulses and products | M1: Sugar and Confectionery | N1: Spices | O1: Non-alcoholic beverages | P1: Prepared meals, snacks, sweets etc. | Q1: Food and beverages | R1: Pan, tobacco and intoxicants | S1: Clothing | T1: Footwear | U1: Clothing and footwear | V1: Housing | W1: Housing Updated | X1: Fuel and light | Y1: Household goods and services | Z1: Health | AA1: Transport and communication | AB1: Recreation and amusement | AC1: Education | AD1: Personal care and effects | AE1: Miscellaneous | AF1: General index | AG1: Food category | AH1: Tobacco category | AI1: Clothing category | AJ1: Housing categpry | AK1: Health category | AL1: Transport category | AM1: Recreation & amusement cat | AN1: Education cat
A2: Rural | B2: 2013 | C2: January | D2: =CONCATENATE($B2," ",$C2) -> 2013 January | E2: 107.5 | F2: 106.3 | G2: 108.1 | H2: 104.9 | I2: 106.1 | J2: 103.9 | K2: 101.9 | L2: 106.1 | M2: 106.8 | N2: 103.1 | O2: 104.8 | P2: 106.7 | Q2: 105.5 | R2: 105.1 | S2: 106.5 | T2: 105.8 | U2: 106.4 | V2: NA | W2: 100.3 | X2: 105.5 | Y2: 104.8 | Z2: 104 | AA2: 103.3 | AB2: 103.4 | AC2: 103.8 | AD2: 104.7 | AE2: 104 | AF2: 105.1 | AG2: =E2+F2+G2+H2+I2+J2+K2+L2+M2+N2+O2+P2+Q2 -> 1371.7 | AH2: 105.1 | AI2: =S2+T2 -> 212.3 | AJ2: =W2+X2+Y2+AD2+AE2 -> 519.3 | AK2: 104 | AL2: 103.3 | AM2: 103.4 | AN2: 103.8
A3: Urban | B3: 2013 | C3: January | D3: 2013 January | E3: 110.5 | F3: 109.1 | G3: 113 | H3: 103.6 | I3: 103.4 | J3: 102.3 | K3: 102.9 | L3: 105.8 | M3: 105.1 | N3: 101.8 | O3: 105.1 | P3: 107.9 | Q3: 105.9 | R3: 105.2 | S3: 105.9 | T3: 105 | U3: 105.8 | V3: 100.3 | W3: 100.3 | X3: 105.4 | Y3: 104.8 | Z3: 104.1 | AA3: 103.2 | AB3: 102.9 | AC3: 103.5 | AD3: 104.3 | AE3: 103.7 | AF3: 104 | AG3: 1376.4 | AH3: 105.2 | AI3: 210.9 | AJ3: 518.5 | AK3: 104.1 | AL3: 103.2 | AM3: 102.9 | AN3: 103.5
A4: Rural+Urban | B4: 2013 | C4: January | D4: 2013 January | E4: 108.4 | F4: 107.3 | G4: 110 | H4: 104.4 | I4: 105.1 | J4: 103.2 | K4: 102.2 | L4: 106 | M4: 106.2 | N4: 102.7 | O4: 104.9 | P4: 107.3 | Q4: 105.6 | R4: 105.1 | S4: 106.3 | T4: 105.5 | U4: 106.2 | V4: 100.3 | W4: 100.3 | X4: 105.5 | Y4: 104.8 | Z4: 104 | AA4: 103.2 | AB4: 103.1 | AC4: 103.6 | AD4: 104.5 | AE4: 103.9 | AF4: 104.6 | AG4: 1373.3 | AH4: 105.1 | AI4: 211.8 | AJ4: 519 | AK4: 104 | AL4: 103.2 | AM4: 103.1 | AN4: 103.6
A5: Rural | B5: 2013 | C5: February | D5: 2013 February | E5: 109.2 | F5: 108.7 | G5: 110.2 | H5: 105.4 | I5: 106.7 | J5: 104 | K5: 102.4 | L5: 105.9 | M5: 105.7 | N5: 103.1 | O5: 105.1 | P5: 107.7 | Q5: 106.3 | R5: 105.6 | S5: 107.1 | T5: 106.3 | U5: 107 | V5: NA | W5: 100.4 | X5: 106.2 | Y5: 105.2 | Z5: 104.4 | AA5: 103.9 | AB5: 104 | AC5: 104.1 | AD5: 104.6 | AE5: 104.4 | AF5: 105.8 | AG5: 1380.4 | AH5: 105.6 | AI5: 213.4 | AJ5: 520.8 | AK5: 104.4 | AL5: 103.9 | AM5: 104 | AN5: 104.1
A6: Urban | B6: 2013 | C6: February | D6: 2013 February | E6: 112.9 | F6: 112.9 | G6: 116.9 | H6: 104 | I6: 103.5 | J6: 103.1 | K6: 104.9 | L6: 104.1 | M6: 103.8 | N6: 102.3 | O6: 106 | P6: 109 | Q6: 107.2 | R6: 106 | S6: 106.6 | T6: 105.5 | U6: 106.4 | V6: 100.4 | W6: 100.4 | X6: 105.7 | Y6: 105.2 | Z6: 104.7 | AA6: 104.4 | AB6: 103.3 | AC6: 103.7 | AD6: 104.3 | AE6: 104.3 | AF6: 104.7 | AG6: 1390.6 | AH6: 106 | AI6: 212.1 | AJ6: 519.9 | AK6: 104.7 | AL6: 104.4 | AM6: 103.3 | AN6: 103.7
A7: Rural+Urban | B7: 2013 | C7: February | D7: 2013 February | E7: 110.4 | F7: 110.2 | G7: 112.8 | H7: 104.9 | I7: 105.5 | J7: 103.6 | K7: 103.2 | L7: 105.3 | M7: 105.1 | N7: 102.8 | O7: 105.5 | P7: 108.3 | Q7: 106.6 | R7: 105.7 | S7: 106.9 | T7: 106 | U7: 106.8 | V7: 100.4 | W7: 100.4 | X7: 106 | Y7: 105.2 | Z7: 104.5 | AA7: 104.2 | AB7: 103.6 | AC7: 103.9 | AD7: 104.5 | AE7: 104.4 | AF7: 105.3 | AG7: 1384.2 | AH7: 105.7 | AI7: 212.9 | AJ7: 520.5 | AK7: 104.5 | AL7: 104.2 | AM7: 103.6 | AN7: 103.9
A8: Rural | B8: 2013 | C8: March | D8: 2013 March | E8: 110.2 | F8: 108.8 | G8: 109.9 | H8: 105.6 | I8: 106.2 | J8: 105.7 | K8: 101.4 | L8: 105.7 | M8: 105 | N8: 103.3 | O8: 105.6 | P8: 108.2 | Q8: 106.6 | R8: 106.5 | S8: 107.6 | T8: 106.8 | U8: 107.5 | V8: NA | W8: 100.4 | X8: 106.1 | Y8: 105.6 | Z8: 104.7 | AA8: 104.6 | AB8: 104 | AC8: 104.3 | AD8: 104.3 | AE8: 104.6 | AF8: 106 | AG8: 1382.2 | AH8: 106.5 | AI8: 214.4 | AJ8: 521 | AK8: 104.7 | AL8: 104.6 | AM8: 104 | AN8: 104.3
A9: Urban | B9: 2013 | C9: March | D9: 2013 March | E9: 113.9 | F9: 111.4 | G9: 113.2 | H9: 104.3 | I9: 102.7 | J9: 104.9 | K9: 103.8 | L9: 103.5 | M9: 102.6 | N9: 102.4 | O9: 107 | P9: 109.8 | Q9: 107.3 | R9: 106.8 | S9: 107.2 | T9: 106 | U9: 107 | V9: 100.4 | W9: 100.4 | X9: 106 | Y9: 105.7 | Z9: 105.2 | AA9: 105.5 | AB9: 103.5 | AC9: 103.8 | AD9: 104.2 | AE9: 104.9 | AF9: 105 | AG9: 1386.8 | AH9: 106.8 | AI9: 213.2 | AJ9: 521.2 | AK9: 105.2 | AL9: 105.5 | AM9: 103.5 | AN9: 103.8
A10: Rural+Urban | B10: 2013 | C10: March | D10: 2013 March | E10: 111.4 | F10: 109.7 | G10: 111.2 | H10: 105.1 | I10: 104.9 | J10: 105.3 | K10: 102.2 | L10: 105 | M10: 104.2 | N10: 103 | O10: 106.2 | P10: 108.9 | Q10: 106.9 | R10: 106.6 | S10: 107.4 | T10: 106.5 | U10: 107.3 | V10: 100.4 | W10: 100.4 | X10: 106.1 | Y10: 105.6 | Z10: 104.9 | AA10: 105.1 | AB10: 103.7 | AC10: 104 | AD10: 104.3 | AE10: 104.7 | AF10: 105.5 | AG10: 1384 | AH10: 106.6 | AI10: 213.9 | AJ10: 521.1 | AK10: 104.9 | AL10: 105.1 | AM10: 103.7 | AN10: 104
A11: Rural | B11: 2013 | C11: April | D11: 2013 April | E11: 110.2 | F11: 109.5 | G11: 106.9 | H11: 106.3 | I11: 105.7 | J11: 108.3 | K11: 103.4 | L11: 105.7 | M11: 104.2 | N11: 103.2 | O11: 106.5 | P11: 108.8 | Q11: 107.1 | R11: 107.1 | S11: 108.1 | T11: 107.4 | U11: 108 | V11: NA | W11: 100.5 | X11: 106.5 | Y11: 106.1 | Z11: 105.1 | AA11: 104.4 | AB11: 104.5 | AC11: 104.8 | AD11: 102.7 | AE11: 104.6 | AF11: 106.4 | AG11: 1385.8 | AH11: 107.1 | AI11: 215.5 | AJ11: 520.4 | AK11: 105.1 | AL11: 104.4 | AM11: 104.5 | AN11: 104.8
A12: Urban | B12: 2013 | C12: April | D12: 2013 April | E12: 114.6 | F12: 113.4 | G12: 106 | H12: 104.7 | I12: 102.1 | J12: 109.5 | K12: 109.7 | L12: 104.6 | M12: 102 | N12: 103.5 | O12: 108.2 | P12: 110.6 | Q12: 108.8 | R12: 108.5 | S12: 107.9 | T12: 106.4 | U12: 107.7 | V12: 100.5 | W12: 100.5 | X12: 106.4 | Y12: 106.5 | Z12: 105.7 | AA12: 105 | AB12: 104 | AC12: 105.2 | AD12: 103.2 | AE12: 105.1 | AF12: 105.7 | AG12: 1397.7 | AH12: 108.5 | AI12: 214.3 | AJ12: 521.7 | AK12: 105.7 | AL12: 105 | AM12: 104 | AN12: 105.2
A13: Rural+Urban | B13: 2013 | C13: April | D13: 2013 April | E13: 111.6 | F13: 110.9 | G13: 106.6 | H13: 105.7 | I13: 104.4 | J13: 108.9 | K13: 105.5 | L13: 105.3 | M13: 103.5 | N13: 103.3 | O13: 107.2 | P13: 109.6 | Q13: 107.7 | R13: 107.5 | S13: 108 | T13: 107 | U13: 107.9 | V13: 100.5 | W13: 100.5 | X13: 106.5 | Y13: 106.3 | Z13: 105.3 | AA13: 104.7 | AB13: 104.2 | AC13: 105 | AD13: 102.9 | AE13: 104.8 | AF13: 106.1 | AG13: 1390.2 | AH13: 107.5 | AI13: 215 | AJ13: 521 | AK13: 105.3 | AL13: 104.7 | AM13: 104.2 | AN13: 105
A14: Rural | B14: 2013 | C14: May | D14: 2013 May | E14: 110.9 | F14: 109.8 | G14: 105.9 | H14: 107.5 | I14: 105.3 | J14: 108.1 | K14: 107.3 | L14: 106.1 | M14: 103.7 | N14: 104 | O14: 107.4 | P14: 109.9 | Q14: 108.1 | R14: 108.1 | S14: 108.8 | T14: 107.9 | U14: 108.6 | V14: NA | W14: 100.5 | X14: 107.5 | Y14: 106.8 | Z14: 105.7 | AA14: 104.1 | AB14: 105 | AC14: 105.5 | AD14: 102.1 | AE14: 104.8 | AF14: 107.2 | AG14: 1394 | AH14: 108.1 | AI14: 216.7 | AJ14: 521.7 | AK14: 105.7 | AL14: 104.1 | AM14: 105 | AN14: 105.5
A15: Urban | B15: 2013 | C15: May | D15: 2013 May | E15: 115.4 | F15: 114.2 | G15: 102.7 | H15: 105.5 | I15: 101.5 | J15: 110.6 | K15: 123.7 | L15: 105.2 | M15: 101.9 | N15: 105 | O15: 109.1 | P15: 111.3 | Q15: 111.1 | R15: 109.8 | S15: 108.5 | T15: 106.7 | U15: 108.3 | V15: 100.5 | W15: 100.5 | X15: 107.2 | Y15: 107.1 | Z15: 106.2 | AA15: 103.9 | AB15: 104.6 | AC15: 105.7 | AD15: 102.6 | AE15: 104.9 | AF15: 106.6 | AG15: 1417.2 | AH15: 109.8 | AI15: 215.2 | AJ15: 522.3 | AK15: 106.2 | AL15: 103.9 | AM15: 104.6 | AN15: 105.7
A16: Rural+Urban | B16: 2013 | C16: May | D16: 2013 May | E16: 112.3 | F16: 111.3 | G16: 104.7 | H16: 106.8 | I16: 103.9 | J16: 109.3 | K16: 112.9 | L16: 105.8 | M16: 103.1 | N16: 104.3 | O16: 108.1 | P16: 110.5 | Q16: 109.2 | R16: 108.6 | S16: 108.7 | T16: 107.4 | U16: 108.5 | V16: 100.5 | W16: 100.5 | X16: 107.4 | Y16: 106.9 | Z16: 105.9 | AA16: 104 | AB16: 104.8 | AC16: 105.6 | AD16: 102.3 | AE16: 104.8 | AF16: 106.9 | AG16: 1402.2 | AH16: 108.6 | AI16: 216.1 | AJ16: 521.9 | AK16: 105.9 | AL16: 104 | AM16: 104.8 | AN16: 105.6
A17: Rural | B17: 2013 | C17: June | D17: 2013 June | E17: 112.3 | F17: 112.1 | G17: 108.1 | H17: 108.3 | I17: 105.9 | J17: 109.2 | K17: 118 | L17: 106.8 | M17: 104.1 | N17: 105.4 | O17: 108.2 | P17: 111 | Q17: 110.6 | R17: 109 | S17: 109.7 | T17: 108.8 | U17: 109.5 | V17: NA | W17: 106.6 | X17: 108.5 | Y17: 107.5 | Z17: 106.3 | AA17: 105 | AB17: 105.6 | AC17: 106.5 | AD17: 102.5 | AE17: 105.5 | AF17: 108.9 | AG17: 1420 | AH17: 109 | AI17: 218.5 | AJ17: 530.6 | AK17: 106.3 | AL17: 105 | AM17: 105.6 | AN17: 106.5
A18: Urban | B18: 2013 | C18: June | D18: 2013 June | E18: 117 | F18: 120.1 | G18: 112.5 | H18: 107.3 | I18: 101.3 | J18: 112.4 | K18: 143.6 | L18: 105.4 | M18: 101.4 | N18: 106.4 | O18: 110 | P18: 112.2 | Q18: 115 | R18: 110.9 | S18: 109.2 | T18: 107.2 | U18: 108.9 | V18: 106.6 | W18: 106.6 | X18: 108 | Y18: 107.7 | Z18: 106.5 | AA18: 105.2 | AB18: 105.2 | AC18: 108.1 | AD18: 103.3 | AE18: 106.1 | AF18: 109.7 | AG18: 1464.6 | AH18: 110.9 | AI18: 216.4 | AJ18: 531.7 | AK18: 106.5 | AL18: 105.2 | AM18: 105.2 | AN18: 108.1
A19: Rural+Urban | B19: 2013 | C19: June | D19: 2013 June | E19: 113.8 | F19: 114.9 | G19: 109.8 | H19: 107.9 | I19: 104.2 | J19: 110.7 | K19: 126.7 | L19: 106.3 | M19: 103.2 | N19: 105.7 | O19: 109 | P19: 111.6 | Q19: 112.2 | R19: 109.5 | S19: 109.5 | T19: 108.1 | U19: 109.3 | V19: 106.6 | W19: 106.6 | X19: 108.3 | Y19: 107.6 | Z19: 106.4 | AA19: 105.1 | AB19: 105.4 | AC19: 107.4 | AD19: 102.8 | AE19: 105.8 | AF19: 109.3 | AG19: 1436 | AH19: 109.5 | AI19: 217.6 | AJ19: 531.1 | AK19: 106.4 | AL19: 105.1 | AM19: 105.4 | AN19: 107.4
A20: Rural | B20: 2013 | C20: July | D20: 2013 July | E20: 113.4 | F20: 114.9 | G20: 110.5 | H20: 109.3 | I20: 106.2 | J20: 110.3 | K20: 129.2 | L20: 107.1 | M20: 104.3 | N20: 106.4 | O20: 109.1 | P20: 112.1 | Q20: 113.1 | R20: 109.8 | S20: 110.5 | T20: 109.5 | U20: 110.3 | V20: NA | W20: 107.7 | X20: 109.5 | Y20: 108.3 | Z20: 106.9 | AA20: 106.8 | AB20: 106.4 | AC20: 107.8 | AD20: 102.5 | AE20: 106.5 | AF20: 110.7 | AG20: 1445.9 | AH20: 109.8 | AI20: 220 | AJ20: 534.5 | AK20: 106.9 | AL20: 106.8 | AM20: 106.4 | AN20: 107.8
A21: Urban | B21: 2013 | C21: July | D21: 2013 July | E21: 117.8 | F21: 119.2 | G21: 114 | H21: 108.3 | I21: 101.1 | J21: 113.2 | K21: 160.9 | L21: 105.1 | M21: 101.3 | N21: 107.5 | O21: 110.4 | P21: 113.1 | Q21: 117.5 | R21: 111.7 | S21: 109.8 | T21: 107.8 | U21: 109.5 | V21: 107.7 | W21: 107.7 | X21: 108.6 | Y21: 108.1 | Z21: 107.1 | AA21: 107.3 | AB21: 105.9 | AC21: 110.1 | AD21: 103.2 | AE21: 107.3 | AF21: 111.4 | AG21: 1489.4 | AH21: 111.7 | AI21: 217.6 | AJ21: 534.9 | AK21: 107.1 | AL21: 107.3 | AM21: 105.9 | AN21: 110.1
A22: Rural+Urban | B22: 2013 | C22: July | D22: 2013 July | E22: 114.8 | F22: 116.4 | G22: 111.9 | H22: 108.9 | I22: 104.3 | J22: 111.7 | K22: 140 | L22: 106.4 | M22: 103.3 | N22: 106.8 | O22: 109.6 | P22: 112.6 | Q22: 114.7 | R22: 110.3 | S22: 110.2 | T22: 108.8 | U22: 110 | V22: 107.7 | W22: 107.7 | X22: 109.2 | Y22: 108.2 | Z22: 107 | AA22: 107.1 | AB22: 106.1 | AC22: 109.1 | AD22: 102.8 | AE22: 106.9 | AF22: 111 | AG22: 1461.4 | AH22: 110.3 | AI22: 219 | AJ22: 534.8 | AK22: 107 | AL22: 107.1 | AM22: 106.1 | AN22: 109.1
A23: Rural | B23: 2013 | C23: August | D23: 2013 August | E23: 114.3 | F23: 115.4 | G23: 111.1 | H23: 110 | I23: 106.4 | J23: 110.8 | K23: 138.9 | L23: 107.4 | M23: 104.1 | N23: 106.9 | O23: 109.7 | P23: 112.6 | Q23: 114.9 | R23: 110.7 | S23: 111.3 | T23: 110.2 | U23: 111.1 | V23: NA | W23: 108.9 | X23: 109.9 | Y23: 108.7 | Z23: 107.5 | AA23: 107.8 | AB23: 106.8 | AC23: 108.7 | AD23: 105 | AE23: 107.5 | AF23: 112.1 | AG23: 1462.5 | AH23: 110.7 | AI23: 221.5 | AJ23: 540 | AK23: 107.5 | AL23: 107.8 | AM23: 106.8 | AN23: 108.7
A24: Urban | B24: 2013 | C24: August | D24: 2013 August | E24: 118.3 | F24: 120.4 | G24: 112.7 | H24: 108.9 | I24: 101.1 | J24: 108.7 | K24: 177 | L24: 104.7 | M24: 101 | N24: 108.5 | O24: 110.9 | P24: 114.3 | Q24: 119.6 | R24: 112.4 | S24: 110.6 | T24: 108.3 | U24: 110.2 | V24: 108.9 | W24: 108.9 | X24: 109.3 | Y24: 108.7 | Z24: 107.6 | AA24: 108.1 | AB24: 106.5 | AC24: 110.8 | AD24: 106 | AE24: 108.3 | AF24: 112.7 | AG24: 1506.1 | AH24: 112.4 | AI24: 218.9 | AJ24: 541.2 | AK24: 107.6 | AL24: 108.1 | AM24: 106.5 | AN24: 110.8
A25: Rural+Urban | B25: 2013 | C25: August | D25: 2013 August | E25: 115.6 | F25: 117.2 | G25: 111.7 | H25: 109.6 | I25: 104.5 | J25: 109.8 | K25: 151.8 | L25: 106.5 | M25: 103.1 | N25: 107.4 | O25: 110.2 | P25: 113.4 | Q25: 116.6 | R25: 111.2 | S25: 111 | T25: 109.4 | U25: 110.7 | V25: 108.9 | W25: 108.9 | X25: 109.7 | Y25: 108.7 | Z25: 107.5 | AA25: 108 | AB25: 106.6 | AC25: 109.9 | AD25: 105.4 | AE25: 107.9 | AF25: 112.4 | AG25: 1477.4 | AH25: 111.2 | AI25: 220.4 | AJ25: 540.6 | AK25: 107.5 | AL25: 108 | AM25: 106.6 | AN25: 109.9
A26: Rural | B26: 2013 | C26: September | D26: 2013 September | E26: 115.4 | F26: 115.7 | G26: 111.7 | H26: 111 | I26: 107.4 | J26: 110.9 | K26: 154 | L26: 108.1 | M26: 104.2 | N26: 107.9 | O26: 110.4 | P26: 114 | Q26: 117.8 | R26: 111.7 | S26: 112.7 | T26: 111.4 | U26: 112.5 | V26: NA | W26: 109.7 | X26: 111.1 | Y26: 109.6 | Z26: 108.3 | AA26: 109.3 | AB26: 107.7 | AC26: 109.8 | AD26: 106.7 | AE26: 108.7 | AF26: 114.2 | AG26: 1488.5 | AH26: 111.7 | AI26: 224.1 | AJ26: 545.8 | AK26: 108.3 | AL26: 109.3 | AM26: 107.7 | AN26: 109.8
A27: Urban | B27: 2013 | C27: September | D27: 2013 September | E27: 118.6 | F27: 119.1 | G27: 113.2 | H27: 109.6 | I27: 101.7 | J27: 103.2 | K27: 174.3 | L27: 105.1 | M27: 100.8 | N27: 109.1 | O27: 111.1 | P27: 115.4 | Q27: 119.2 | R27: 112.9 | S27: 111.4 | T27: 109 | U27: 111.1 | V27: 109.7 | W27: 109.7 | X27: 109.5 | Y27: 109.6 | Z27: 107.9 | AA27: 110.4 | AB27: 107.4 | AC27: 111.2 | AD27: 106.9 | AE27: 109.4 | AF27: 113.2 | AG27: 1500.4 | AH27: 112.9 | AI27: 220.4 | AJ27: 545.1 | AK27: 107.9 | AL27: 110.4 | AM27: 107.4 | AN27: 111.2
A28: Rural+Urban | B28: 2013 | C28: September | D28: 2013 September | E28: 116.4 | F28: 116.9 | G28: 112.3 | H28: 110.5 | I28: 105.3 | J28: 107.3 | K28: 160.9 | L28: 107.1 | M28: 103.1 | N28: 108.3 | O28: 110.7 | P28: 114.6 | Q28: 118.3 | R28: 112 | S28: 112.2 | T28: 110.4 | U28: 111.9 | V28: 109.7 | W28: 109.7 | X28: 110.5 | Y28: 109.6 | Z28: 108.1 | AA28: 109.9 | AB28: 107.5 | AC28: 110.6 | AD28: 106.8 | AE28: 109 | AF28: 113.7 | AG28: 1491.7 | AH28: 112 | AI28: 222.6 | AJ28: 545.6 | AK28: 108.1 | AL28: 109.9 | AM28: 107.5 | AN28: 110.6
A29: Rural | B29: 2013 | C29: October | D29: 2013 October | E29: 116.3 | F29: 115.4 | G29: 112.6 | H29: 111.7 | I29: 107.7 | J29: 113.2 | K29: 164.9 | L29: 108.3 | M29: 103.9 | N29: 108.2 | O29: 111.1 | P29: 114.9 | Q29: 119.8 | R29: 112.2 | S29: 113.6 | T29: 112.3 | U29: 113.4 | V29: NA | W29: 110.5 | X29: 111.6 | Y29: 110.4 | Z29: 108.9 | AA29: 109.3 | AB29: 108.3 | AC29: 110.2 | AD29: 107.5 | AE29: 109.1 | AF29: 115.5 | AG29: 1508 | AH29: 112.2 | AI29: 225.9 | AJ29: 549.1 | AK29: 108.9 | AL29: 109.3 | AM29: 108.3 | AN29: 110.2
A30: Urban | B30: 2013 | C30: October | D30: 2013 October | E30: 118.9 | F30: 118.1 | G30: 114.5 | H30: 110.4 | I30: 102.3 | J30: 106.2 | K30: 183.5 | L30: 105.3 | M30: 100.2 | N30: 109.6 | O30: 111.4 | P30: 116 | Q30: 120.8 | R30: 113.5 | S30: 112.5 | T30: 109.7 | U30: 112 | V30: 110.5 | W30: 110.5 | X30: 109.7 | Y30: 110.2 | Z30: 108.2 | AA30: 109.7 | AB30: 108 | AC30: 111.3 | AD30: 107.3 | AE30: 109.4 | AF30: 114 | AG30: 1517.2 | AH30: 113.5 | AI30: 222.2 | AJ30: 547.1 | AK30: 108.2 | AL30: 109.7 | AM30: 108 | AN30: 111.3
A31: Rural+Urban | B31: 2013 | C31: October | D31: 2013 October | E31: 117.1 | F31: 116.3 | G31: 113.3 | H31: 111.2 | I31: 105.7 | J31: 109.9 | K31: 171.2 | L31: 107.3 | M31: 102.7 | N31: 108.7 | O31: 111.2 | P31: 115.4 | Q31: 120.2 | R31: 112.5 | S31: 113.2 | T31: 111.2 | U31: 112.8 | V31: 110.5 | W31: 110.5 | X31: 110.9 | Y31: 110.3 | Z31: 108.6 | AA31: 109.5 | AB31: 108.1 | AC31: 110.8 | AD31: 107.4 | AE31: 109.2 | AF31: 114.8 | AG31: 1510.2 | AH31: 112.5 | AI31: 224.4 | AJ31: 548.3 | AK31: 108.6 | AL31: 109.5 | AM31: 108.1 | AN31: 110.8
A32: Rural | B32: 2013 | C32: November | D32: 2013 November | E32: 117.3 | F32: 114.9 | G32: 116.2 | H32: 112.8 | I32: 108.9 | J32: 116.6 | K32: 178.1 | L32: 109.1 | M32: 103.6 | N32: 109 | O32: 111.8 | P32: 116 | Q32: 122.5 | R32: 112.8 | S32: 114.6 | T32: 113.1 | U32: 114.4 | V32: NA | W32: 111.1 | X32: 112.6 | Y32: 111.3 | Z32: 109.7 | AA32: 109.6 | AB32: 108.7 | AC32: 111 | AD32: 108.2 | AE32: 109.8 | AF32: 117.4 | AG32: 1536.8 | AH32: 112.8 | AI32: 227.7 | AJ32: 553 | AK32: 109.7 | AL32: 109.6 | AM32: 108.7 | AN32: 111
A33: Urban | B33: 2013 | C33: November | D33: 2013 November | E33: 119.8 | F33: 116.3 | G33: 122.6 | H33: 112 | I33: 103.2 | J33: 110 | K33: 192.8 | L33: 106.3 | M33: 99.5 | N33: 110.3 | O33: 111.8 | P33: 117.1 | Q33: 122.9 | R33: 114.1 | S33: 113.5 | T33: 110.3 | U33: 113 | V33: 111.1 | W33: 111.1 | X33: 110 | Y33: 110.9 | Z33: 108.6 | AA33: 109.5 | AB33: 108.5 | AC33: 111.3 | AD33: 107.9 | AE33: 109.6 | AF33: 115 | AG33: 1544.6 | AH33: 114.1 | AI33: 223.8 | AJ33: 549.5 | AK33: 108.6 | AL33: 109.5 | AM33: 108.5 | AN33: 111.3
A34: Rural+Urban | B34: 2013 | C34: November | D34: 2013 November | E34: 118.1 | F34: 115.4 | G34: 118.7 | H34: 112.5 | I34: 106.8 | J34: 113.5 | K34: 183.1 | L34: 108.2 | M34: 102.2 | N34: 109.4 | O34: 111.8 | P34: 116.5 | Q34: 122.6 | R34: 113.1 | S34: 114.2 | T34: 111.9 | U34: 113.8 | V34: 111.1 | W34: 111.1 | X34: 111.6 | Y34: 111.1 | Z34: 109.3 | AA34: 109.5 | AB34: 108.6 | AC34: 111.2 | AD34: 108.1 | AE34: 109.7 | AF34: 116.3 | AG34: 1538.8 | AH34: 113.1 | AI34: 226.1 | AJ34: 551.6 | AK34: 109.3 | AL34: 109.5 | AM34: 108.6 | AN34: 111.2
A35: Rural | B35: 2013 | C35: December | D35: 2013 December | E35: 118.4 | F35: 115.9 | G35: 120.4 | H35: 113.8 | I35: 109.5 | J35: 115.5 | K35: 145.7 | L35: 109.5 | M35: 102.9 | N35: 109.8 | O35: 112.1 | P35: 116.8 | Q35: 118.7 | R35: 113.6 | S35: 115.8 | T35: 114 | U35: 115.5 | V35: NA | W35: 110.7 | X35: 112.8 | Y35: 112.1 | Z35: 110.1 | AA35: 109.9 | AB35: 109.2 | AC35: 111.6 | AD35: 108.1 | AE35: 110.1 | AF35: 115.5 | AG35: 1509 | AH35: 113.6 | AI35: 229.8 | AJ35: 553.8 | AK35: 110.1 | AL35: 109.9 | AM35: 109.2 | AN35: 111.6
A36: Urban | B36: 2013 | C36: December | D36: 2013 December | E36: 120.5 | F36: 118.1 | G36: 128.5 | H36: 112.8 | I36: 103.4 | J36: 110.7 | K36: 144.8 | L36: 107.1 | M36: 98.6 | N36: 111.9 | O36: 112.1 | P36: 118.1 | Q36: 117.8 | R36: 115 | S36: 114.2 | T36: 110.9 | U36: 113.7 | V36: 110.7 | W36: 110.7 | X36: 110.4 | Y36: 111.3 | Z36: 109 | AA36: 109.7 | AB36: 108.9 | AC36: 111.4 | AD36: 107.7 | AE36: 109.8 | AF36: 113.3 | AG36: 1504.4 | AH36: 115 | AI36: 225.1 | AJ36: 549.9 | AK36: 109 | AL36: 109.7 | AM36: 108.9 | AN36: 111.4
A37: Rural+Urban | B37: 2013 | C37: December | D37: 2013 December | E37: 119.1 | F37: 116.7 | G37: 123.5 | H37: 113.4 | I37: 107.3 | J37: 113.3 | K37: 145.4 | L37: 108.7 | M37: 101.5 | N37: 110.5 | O37: 112.1 | P37: 117.4 | Q37: 118.4 | R37: 114 | S37: 115.2 | T37: 112.7 | U37: 114.8 | V37: 110.7 | W37: 110.7 | X37: 111.9 | Y37: 111.7 | Z37: 109.7 | AA37: 109.8 | AB37: 109 | AC37: 111.5 | AD37: 107.9 | AE37: 110 | AF37: 114.5 | AG37: 1507.3 | AH37: 114 | AI37: 227.9 | AJ37: 552.2 | AK37: 109.7 | AL37: 109.8 | AM37: 109 | AN37: 111.5
A38: Rural | B38: 2014 | C38: January | D38: 2014 January | E38: 118.9 | F38: 117.1 | G38: 120.5 | H38: 114.4 | I38: 109 | J38: 115.5 | K38: 123.9 | L38: 109.6 | M38: 101.8 | N38: 110.2 | O38: 112.4 | P38: 117.3 | Q38: 116 | R38: 114 | S38: 116.5 | T38: 114.5 | U38: 116.2 | V38: NA | W38: 111.6 | X38: 113 | Y38: 112.6 | Z38: 110.6 | AA38: 110.5 | AB38: 109.6 | AC38: 111.8 | AD38: 108.3 | AE38: 110.6 | AF38: 114.2 | AG38: 1486.6 | AH38: 114 | AI38: 231 | AJ38: 556.1 | AK38: 110.6 | AL38: 110.5 | AM38: 109.6 | AN38: 111.8
A39: Urban | B39: 2014 | C39: January | D39: 2014 January | E39: 121.2 | F39: 122 | G39: 129.9 | H39: 113.6 | I39: 102.9 | J39: 112.1 | K39: 118.9 | L39: 107.5 | M39: 96.9 | N39: 112.7 | O39: 112.1 | P39: 119 | Q39: 115.5 | R39: 115.7 | S39: 114.8 | T39: 111.3 | U39: 114.3 | V39: 111.6 | W39: 111.6 | X39: 111 | Y39: 111.9 | Z39: 109.7 | AA39: 110.8 | AB39: 109.8 | AC39: 111.5 | AD39: 108 | AE39: 110.5 | AF39: 112.9 | AG39: 1484.3 | AH39: 115.7 | AI39: 226.1 | AJ39: 553 | AK39: 109.7 | AL39: 110.8 | AM39: 109.8 | AN39: 111.5
A40: Rural+Urban | B40: 2014 | C40: January | D40: 2014 January | E40: 119.6 | F40: 118.8 | G40: 124.1 | H40: 114.1 | I40: 106.8 | J40: 113.9 | K40: 122.2 | L40: 108.9 | M40: 100.2 | N40: 111 | O40: 112.3 | P40: 118.1 | Q40: 115.8 | R40: 114.5 | S40: 115.8 | T40: 113.2 | U40: 115.4 | V40: 111.6 | W40: 111.6 | X40: 112.2 | Y40: 112.3 | Z40: 110.3 | AA40: 110.7 | AB40: 109.7 | AC40: 111.6 | AD40: 108.2 | AE40: 110.6 | AF40: 113.6 | AG40: 1485.8 | AH40: 114.5 | AI40: 229 | AJ40: 554.9 | AK40: 110.3 | AL40: 110.7 | AM40: 109.7 | AN40: 111.6
A41: Rural | B41: 2014 | C41: February | D41: 2014 February | E41: 119.4 | F41: 117.7 | G41: 121.2 | H41: 115 | I41: 109 | J41: 116.6 | K41: 116 | L41: 109.8 | M41: 101.1 | N41: 110.4 | O41: 112.9 | P41: 117.8 | Q41: 115.3 | R41: 114.2 | S41: 117.1 | T41: 114.5 | U41: 116.7 | V41: NA | W41: 112.5 | X41: 113.2 | Y41: 112.9 | Z41: 110.9 | AA41: 110.8 | AB41: 109.9 | AC41: 112 | AD41: 108.7 | AE41: 110.9 | AF41: 114 | AG41: 1482.2 | AH41: 114.2 | AI41: 231.6 | AJ41: 558.2 | AK41: 110.9 | AL41: 110.8 | AM41: 109.9 | AN41: 112
A42: Urban | B42: 2014 | C42: February | D42: 2014 February | E42: 121.9 | F42: 122 | G42: 124.5 | H42: 115.2 | I42: 102.5 | J42: 114.1 | K42: 111.5 | L42: 108.2 | M42: 95.4 | N42: 113.5 | O42: 112.1 | P42: 119.9 | Q42: 115.2 | R42: 116.2 | S42: 115.3 | T42: 111.7 | U42: 114.7 | V42: 112.5 | W42: 112.5 | X42: 111.1 | Y42: 112.6 | Z42: 110.4 | AA42: 111.3 | AB42: 110.3 | AC42: 111.6 | AD42: 108.7 | AE42: 111 | AF42: 113.1 | AG42: 1476 | AH42: 116.2 | AI42: 227 | AJ42: 555.9 | AK42: 110.4 | AL42: 111.3 | AM42: 110.3 | AN42: 111.6
A43: Rural+Urban | B43: 2014 | C43: February | D43: 2014 February | E43: 120.2 | F43: 119.2 | G43: 122.5 | H43: 115.1 | I43: 106.6 | J43: 115.4 | K43: 114.5 | L43: 109.3 | M43: 99.2 | N43: 111.4 | O43: 112.6 | P43: 118.8 | Q43: 115.3 | R43: 114.7 | S43: 116.4 | T43: 113.3 | U43: 115.9 | V43: 112.5 | W43: 112.5 | X43: 112.4 | Y43: 112.8 | Z43: 110.7 | AA43: 111.1 | AB43: 110.1 | AC43: 111.8 | AD43: 108.7 | AE43: 110.9 | AF43: 113.6 | AG43: 1480.1 | AH43: 114.7 | AI43: 229.7 | AJ43: 557.3 | AK43: 110.7 | AL43: 111.1 | AM43: 110.1 | AN43: 111.8
A44: Rural | B44: 2014 | C44: March | D44: 2014 March | E44: 120.1 | F44: 118.1 | G44: 120.7 | H44: 116.1 | I44: 109.3 | J44: 119.6 | K44: 117.9 | L44: 110.2 | M44: 101.2 | N44: 110.7 | O44: 113 | P44: 118.3 | Q44: 116.2 | R44: 114.6 | S44: 117.5 | T44: 114.9 | U44: 117.2 | V44: NA | W44: 113.2 | X44: 113.4 | Y44: 113.4 | Z44: 111.4 | AA44: 111.2 | AB44: 110.2 | AC44: 112.4 | AD44: 108.9 | AE44: 111.3 | AF44: 114.6 | AG44: 1491.4 | AH44: 114.6 | AI44: 232.4 | AJ44: 560.2 | AK44: 111.4 | AL44: 111.2 | AM44: 110.2 | AN44: 112.4
A45: Urban | B45: 2014 | C45: March | D45: 2014 March | E45: 122.1 | F45: 121.4 | G45: 121.5 | H45: 116.2 | I45: 102.8 | J45: 117.7 | K45: 113.3 | L45: 108.9 | M45: 96.3 | N45: 114.1 | O45: 112.2 | P45: 120.5 | Q45: 116 | R45: 116.7 | S45: 115.8 | T45: 112.1 | U45: 115.2 | V45: 113.2 | W45: 113.2 | X45: 110.9 | Y45: 113 | Z45: 110.8 | AA45: 111.6 | AB45: 110.9 | AC45: 111.8 | AD45: 109.2 | AE45: 111.4 | AF45: 113.7 | AG45: 1483 | AH45: 116.7 | AI45: 227.9 | AJ45: 557.7 | AK45: 110.8 | AL45: 111.6 | AM45: 110.9 | AN45: 111.8
A46: Rural+Urban | B46: 2014 | C46: Marcrh | D46: 2014 Marcrh | E46: 120.7 | F46: 119.3 | G46: 121 | H46: 116.1 | I46: 106.9 | J46: 118.7 | K46: 116.3 | L46: 109.8 | M46: 99.6 | N46: 111.8 | O46: 112.7 | P46: 119.3 | Q46: 116.1 | R46: 115.2 | S46: 116.8 | T46: 113.7 | U46: 116.4 | V46: 113.2 | W46: 113.2 | X46: 112.5 | Y46: 113.2 | Z46: 111.2 | AA46: 111.4 | AB46: 110.6 | AC46: 112 | AD46: 109 | AE46: 111.3 | AF46: 114.2 | AG46: 1488.3 | AH46: 115.2 | AI46: 230.5 | AJ46: 559.2 | AK46: 111.2 | AL46: 111.4 | AM46: 110.6 | AN46: 112
A47: Rural | B47: 2014 | C47: April | D47: 2014 April | E47: 120.2 | F47: 118.9 | G47: 118.1 | H47: 117 | I47: 109.7 | J47: 125.5 | K47: 120.5 | L47: 111 | M47: 102.6 | N47: 111.2 | O47: 113.5 | P47: 118.7 | Q47: 117.2 | R47: 115.4 | S47: 118.1 | T47: 116.1 | U47: 117.8 | V47: NA | W47: 113.9 | X47: 113.4 | Y47: 113.7 | Z47: 111.8 | AA47: 111.2 | AB47: 110.5 | AC47: 113 | AD47: 108.9 | AE47: 111.5 | AF47: 115.4 | AG47: 1504.1 | AH47: 115.4 | AI47: 234.2 | AJ47: 561.4 | AK47: 111.8 | AL47: 111.2 | AM47: 110.5 | AN47: 113
A48: Urban | B48: 2014 | C48: April | D48: 2014 April | E48: 122.5 | F48: 121.7 | G48: 113.3 | H48: 117 | I48: 103.1 | J48: 126.7 | K48: 121.2 | L48: 111 | M48: 100.3 | N48: 115.3 | O48: 112.7 | P48: 121 | Q48: 118.2 | R48: 117.6 | S48: 116.3 | T48: 112.5 | U48: 115.7 | V48: 113.9 | W48: 113.9 | X48: 110.9 | Y48: 113.4 | Z48: 111 | AA48: 111.2 | AB48: 111.2 | AC48: 112.5 | AD48: 109.1 | AE48: 111.4 | AF48: 114.7 | AG48: 1504 | AH48: 117.6 | AI48: 228.8 | AJ48: 558.7 | AK48: 111 | AL48: 111.2 | AM48: 111.2 | AN48: 112.5
A49: Rural+Urban | B49: 2014 | C49: April | D49: 2014 April | E49: 120.9 | F49: 119.9 | G49: 116.2 | H49: 117 | I49: 107.3 | J49: 126.1 | K49: 120.7 | L49: 111 | M49: 101.8 | N49: 112.6 | O49: 113.2 | P49: 119.8 | Q49: 117.6 | R49: 116 | S49: 117.4 | T49: 114.6 | U49: 117 | V49: 113.9 | W49: 113.9 | X49: 112.5 | Y49: 113.6 | Z49: 111.5 | AA49: 111.2 | AB49: 110.9 | AC49: 112.7 | AD49: 109 | AE49: 111.5 | AF49: 115.1 | AG49: 1504.1 | AH49: 116 | AI49: 232 | AJ49: 560.5 | AK49: 111.5 | AL49: 111.2 | AM49: 110.9 | AN49: 112.7
A50: Rural | B50: 2014 | C50: May | D50: 2014 May | E50: 120.3 | F50: 120.2 | G50: 116.9 | H50: 118 | I50: 110.1 | J50: 126.3 | K50: 123.9 | L50: 111.5 | M50: 103.5 | N50: 111.6 | O50: 114.2 | P50: 119.2 | Q50: 118.2 | R50: 116.3 | S50: 118.7 | T50: 116.8 | U50: 118.5 | V50: NA | W50: 114.3 | X50: 113.4 | Y50: 114.1 | Z50: 112.1 | AA50: 111.4 | AB50: 110.9 | AC50: 113.1 | AD50: 108.9 | AE50: 111.8 | AF50: 116 | AG50: 1513.9 | AH50: 116.3 | AI50: 235.5 | AJ50: 562.5 | AK50: 112.1 | AL50: 111.4 | AM50: 110.9 | AN50: 113.1
A51: Urban | B51: 2014 | C51: May | D51: 2014 May | E51: 122.7 | F51: 124.1 | G51: 114.2 | H51: 119.1 | I51: 103.5 | J51: 129.2 | K51: 127 | L51: 112.6 | M51: 101.3 | N51: 117 | O51: 112.9 | P51: 121.7 | Q51: 120 | R51: 118.3 | S51: 116.8 | T51: 112.9 | U51: 116.2 | V51: 114.3 | W51: 114.3 | X51: 111.1 | Y51: 114.1 | Z51: 111.2 | AA51: 111.3 | AB51: 111.5 | AC51: 112.9 | AD51: 109.3 | AE51: 111.7 | AF51: 115.6 | AG51: 1525.3 | AH51: 118.3 | AI51: 229.7 | AJ51: 560.5 | AK51: 111.2 | AL51: 111.3 | AM51: 111.5 | AN51: 112.9
A52: Rural+Urban | B52: 2014 | C52: May | D52: 2014 May | E52: 121.1 | F52: 121.6 | G52: 115.9 | H52: 118.4 | I52: 107.7 | J52: 127.7 | K52: 125 | L52: 111.9 | M52: 102.8 | N52: 113.4 | O52: 113.7 | P52: 120.4 | Q52: 118.9 | R52: 116.8 | S52: 118 | T52: 115.2 | U52: 117.6 | V52: 114.3 | W52: 114.3 | X52: 112.5 | Y52: 114.1 | Z52: 111.8 | AA52: 111.3 | AB52: 111.2 | AC52: 113 | AD52: 109.1 | AE52: 111.8 | AF52: 115.8 | AG52: 1518.5 | AH52: 116.8 | AI52: 233.2 | AJ52: 561.8 | AK52: 111.8 | AL52: 111.3 | AM52: 111.2 | AN52: 113
A53: Rural | B53: 2014 | C53: June | D53: 2014 June | E53: 120.7 | F53: 121.6 | G53: 116.1 | H53: 119.3 | I53: 110.3 | J53: 125.8 | K53: 129.3 | L53: 112.2 | M53: 103.6 | N53: 112.3 | O53: 114.9 | P53: 120.1 | Q53: 119.5 | R53: 117.3 | S53: 119.7 | T53: 117.3 | U53: 119.3 | V53: NA | W53: 113.9 | X53: 114.4 | Y53: 114.9 | Z53: 112.8 | AA53: 112.2 | AB53: 111.4 | AC53: 114.3 | AD53: 108 | AE53: 112.3 | AF53: 117 | AG53: 1525.7 | AH53: 117.3 | AI53: 237 | AJ53: 563.5 | AK53: 112.8 | AL53: 112.2 | AM53: 111.4 | AN53: 114.3
A54: Urban | B54: 2014 | C54: June | D54: 2014 June | E54: 123.1 | F54: 125.9 | G54: 115.4 | H54: 120.4 | I54: 103.4 | J54: 131.2 | K54: 137.5 | L54: 112.8 | M54: 101.4 | N54: 118.3 | O54: 113.2 | P54: 122.4 | Q54: 122 | R54: 119 | S54: 117.4 | T54: 113.2 | U54: 116.7 | V54: 113.9 | W54: 113.9 | X54: 111.2 | Y54: 114.3 | Z54: 111.4 | AA54: 111.5 | AB54: 111.8 | AC54: 115.1 | AD54: 108.7 | AE54: 112.2 | AF54: 116.4 | AG54: 1547 | AH54: 119 | AI54: 230.6 | AJ54: 560.3 | AK54: 111.4 | AL54: 111.5 | AM54: 111.8 | AN54: 115.1
A55: Rural+Urban | B55: 2014 | C55: June | D55: 2014 June | E55: 121.5 | F55: 123.1 | G55: 115.8 | H55: 119.7 | I55: 107.8 | J55: 128.3 | K55: 132.1 | L55: 112.4 | M55: 102.9 | N55: 114.3 | O55: 114.2 | P55: 121.2 | Q55: 120.4 | R55: 117.8 | S55: 118.8 | T55: 115.6 | U55: 118.3 | V55: 113.9 | W55: 113.9 | X55: 113.2 | Y55: 114.6 | Z55: 112.3 | AA55: 111.8 | AB55: 111.6 | AC55: 114.8 | AD55: 108.3 | AE55: 112.3 | AF55: 116.7 | AG55: 1533.7 | AH55: 117.8 | AI55: 234.4 | AJ55: 562.3 | AK55: 112.3 | AL55: 111.8 | AM55: 111.6 | AN55: 114.8
A56: Rural | B56: 2014 | C56: July | D56: 2014 July | E56: 121.7 | F56: 122.5 | G56: 117.7 | H56: 120.6 | I56: 110.4 | J56: 129.1 | K56: 150.1 | L56: 113.2 | M56: 104.8 | N56: 113.3 | O56: 115.6 | P56: 120.9 | Q56: 123.3 | R56: 118 | S56: 120.7 | T56: 118.3 | U56: 120.3 | V56: NA | W56: 114.8 | X56: 115.3 | Y56: 115.4 | Z56: 113.4 | AA56: 113.2 | AB56: 111.8 | AC56: 115.5 | AD56: 108.8 | AE56: 113.1 | AF56: 119.5 | AG56: 1563.2 | AH56: 118 | AI56: 239 | AJ56: 567.4 | AK56: 113.4 | AL56: 113.2 | AM56: 111.8 | AN56: 115.5
A57: Urban | B57: 2014 | C57: July | D57: 2014 July | E57: 123.8 | F57: 126.4 | G57: 118 | H57: 121.6 | I57: 103.5 | J57: 133.7 | K57: 172.4 | L57: 113.1 | M57: 102.7 | N57: 120 | O57: 113.8 | P57: 123.4 | Q57: 127.1 | R57: 121 | S57: 118 | T57: 113.6 | U57: 117.4 | V57: 114.8 | W57: 114.8 | X57: 111.6 | Y57: 114.9 | Z57: 111.5 | AA57: 113 | AB57: 112.4 | AC57: 117.8 | AD57: 109.7 | AE57: 113.5 | AF57: 118.9 | AG57: 1599.5 | AH57: 121 | AI57: 231.6 | AJ57: 564.5 | AK57: 111.5 | AL57: 113 | AM57: 112.4 | AN57: 117.8
A58: Rural+Urban | B58: 2014 | C58: July | D58: 2014 July | E58: 122.4 | F58: 123.9 | G58: 117.8 | H58: 121 | I58: 107.9 | J58: 131.2 | K58: 157.7 | L58: 113.2 | M58: 104.1 | N58: 115.5 | O58: 114.8 | P58: 122.1 | Q58: 124.7 | R58: 118.8 | S58: 119.6 | T58: 116.3 | U58: 119.1 | V58: 114.8 | W58: 114.8 | X58: 113.9 | Y58: 115.2 | Z58: 112.7 | AA58: 113.1 | AB58: 112.1 | AC58: 116.8 | AD58: 109.2 | AE58: 113.3 | AF58: 119.2 | AG58: 1576.3 | AH58: 118.8 | AI58: 235.9 | AJ58: 566.4 | AK58: 112.7 | AL58: 113.1 | AM58: 112.1 | AN58: 116.8
A59: Rural | B59: 2014 | C59: August | D59: 2014 August | E59: 121.8 | F59: 122.8 | G59: 117.8 | H59: 121.9 | I59: 110.6 | J59: 129.7 | K59: 161.1 | L59: 114.1 | M59: 105.1 | N59: 114.6 | O59: 115.8 | P59: 121.7 | Q59: 125.3 | R59: 118.8 | S59: 120.9 | T59: 118.8 | U59: 120.7 | V59: NA | W59: 115.5 | X59: 115.4 | Y59: 115.9 | Z59: 114 | AA59: 113.2 | AB59: 112.2 | AC59: 116.2 | AD59: 109.4 | AE59: 113.5 | AF59: 120.7 | AG59: 1582.3 | AH59: 118.8 | AI59: 239.7 | AJ59: 569.7 | AK59: 114 | AL59: 113.2 | AM59: 112.2 | AN59: 116.2
A60: Urban | B60: 2014 | C60: August | D60: 2014 August | E60: 124.8 | F60: 127.3 | G60: 116.5 | H60: 122.2 | I60: 103.6 | J60: 132.7 | K60: 181.9 | L60: 115.2 | M60: 102.7 | N60: 122.1 | O60: 114.4 | P60: 124.7 | Q60: 128.9 | R60: 123 | S60: 118.6 | T60: 114.1 | U60: 117.9 | V60: 115.5 | W60: 115.5 | X60: 111.8 | Y60: 115.3 | Z60: 112.2 | AA60: 112.5 | AB60: 112.9 | AC60: 119.2 | AD60: 110.5 | AE60: 113.9 | AF60: 119.9 | AG60: 1617 | AH60: 123 | AI60: 232.7 | AJ60: 567 | AK60: 112.2 | AL60: 112.5 | AM60: 112.9 | AN60: 119.2
A61: Rural+Urban | B61: 2014 | C61: August | D61: 2014 August | E61: 122.7 | F61: 124.4 | G61: 117.3 | H61: 122 | I61: 108 | J61: 131.1 | K61: 168.2 | L61: 114.5 | M61: 104.3 | N61: 117.1 | O61: 115.2 | P61: 123.1 | Q61: 126.6 | R61: 119.9 | S61: 120 | T61: 116.8 | U61: 119.6 | V61: 115.5 | W61: 115.5 | X61: 114 | Y61: 115.6 | Z61: 113.3 | AA61: 112.8 | AB61: 112.6 | AC61: 118 | AD61: 109.9 | AE61: 113.7 | AF61: 120.3 | AG61: 1594.5 | AH61: 119.9 | AI61: 236.8 | AJ61: 568.7 | AK61: 113.3 | AL61: 112.8 | AM61: 112.6 | AN61: 118
A62: Rural | B62: 2014 | C62: September | D62: 2014 September | E62: 122.3 | F62: 122.4 | G62: 117.8 | H62: 122.7 | I62: 110.4 | J62: 129.8 | K62: 158.8 | L62: 115 | M62: 104.7 | N62: 114.9 | O62: 116.5 | P62: 122.6 | Q62: 125.3 | R62: 119.5 | S62: 121.7 | T62: 119.2 | U62: 121.3 | V62: NA | W62: 116.1 | X62: 115.8 | Y62: 116.7 | Z62: 114.5 | AA62: 112.8 | AB62: 112.6 | AC62: 116.6 | AD62: 109.1 | AE62: 113.7 | AF62: 120.9 | AG62: 1583.2 | AH62: 119.5 | AI62: 240.9 | AJ62: 571.4 | AK62: 114.5 | AL62: 112.8 | AM62: 112.6 | AN62: 116.6
A63: Urban | B63: 2014 | C63: September | D63: 2014 September | E63: 124.2 | F63: 125.4 | G63: 116.4 | H63: 122.7 | I63: 103.5 | J63: 124.5 | K63: 168.6 | L63: 116.9 | M63: 101.9 | N63: 122.9 | O63: 114.8 | P63: 125.2 | Q63: 126.7 | R63: 124.3 | S63: 119.2 | T63: 114.5 | U63: 118.4 | V63: 116.1 | W63: 116.1 | X63: 111.8 | Y63: 115.5 | Z63: 112.3 | AA63: 111.2 | AB63: 113.4 | AC63: 120 | AD63: 110 | AE63: 113.6 | AF63: 119.2 | AG63: 1593.7 | AH63: 124.3 | AI63: 233.7 | AJ63: 567 | AK63: 112.3 | AL63: 111.2 | AM63: 113.4 | AN63: 120
A64: Rural+Urban | B64: 2014 | C64: September | D64: 2014 September | E64: 122.9 | F64: 123.5 | G64: 117.3 | H64: 122.7 | I64: 107.9 | J64: 127.3 | K64: 162.1 | L64: 115.6 | M64: 103.8 | N64: 117.6 | O64: 115.8 | P64: 123.8 | Q64: 125.8 | R64: 120.8 | S64: 120.7 | T64: 117.2 | U64: 120.1 | V64: 116.1 | W64: 116.1 | X64: 114.3 | Y64: 116.1 | Z64: 113.7 | AA64: 112 | AB64: 113.1 | AC64: 118.6 | AD64: 109.5 | AE64: 113.7 | AF64: 120.1 | AG64: 1586.1 | AH64: 120.8 | AI64: 237.9 | AJ64: 569.7 | AK64: 113.7 | AL64: 112 | AM64: 113.1 | AN64: 118.6
A65: Rural | B65: 2014 | C65: October | D65: 2014 October | E65: 122.6 | F65: 122.5 | G65: 118.3 | H65: 123.2 | I65: 110.5 | J65: 128.9 | K65: 155.3 | L65: 115.5 | M65: 104 | N65: 115.3 | O65: 116.8 | P65: 123.2 | Q65: 125.1 | R65: 120 | S65: 122.7 | T65: 120.3 | U65: 122.3 | V65: NA | W65: 116.7 | X65: 116.4 | Y65: 117.5 | Z65: 115.3 | AA65: 112.6 | AB65: 113 | AC65: 116.9 | AD65: 109.3 | AE65: 114 | AF65: 121 | AG65: 1581.2 | AH65: 120 | AI65: 243 | AJ65: 573.9 | AK65: 115.3 | AL65: 112.6 | AM65: 113 | AN65: 116.9
A66: Urban | B66: 2014 | C66: October | D66: 2014 October | E66: 124.6 | F66: 126.1 | G66: 117.8 | H66: 123.1 | I66: 103.5 | J66: 123.5 | K66: 159.6 | L66: 117.4 | M66: 101.2 | N66: 123.8 | O66: 115.2 | P66: 125.9 | Q66: 125.8 | R66: 124.3 | S66: 119.6 | T66: 114.9 | U66: 118.9 | V66: 116.7 | W66: 116.7 | X66: 112 | Y66: 115.8 | Z66: 112.6 | AA66: 111 | AB66: 113.6 | AC66: 120.2 | AD66: 110.1 | AE66: 113.7 | AF66: 119.1 | AG66: 1587.5 | AH66: 124.3 | AI66: 234.5 | AJ66: 568.3 | AK66: 112.6 | AL66: 111 | AM66: 113.6 | AN66: 120.2
A67: Rural+Urban | B67: 2014 | C67: October | D67: 2014 October | E67: 123.2 | F67: 123.8 | G67: 118.1 | H67: 123.2 | I67: 107.9 | J67: 126.4 | K67: 156.8 | L67: 116.1 | M67: 103.1 | N67: 118.1 | O67: 116.1 | P67: 124.5 | Q67: 125.4 | R67: 121.1 | S67: 121.5 | T67: 118.1 | U67: 121 | V67: 116.7 | W67: 116.7 | X67: 114.7 | Y67: 116.7 | Z67: 114.3 | AA67: 111.8 | AB67: 113.3 | AC67: 118.8 | AD67: 109.6 | AE67: 113.9 | AF67: 120.1 | AG67: 1582.7 | AH67: 121.1 | AI67: 239.6 | AJ67: 571.6 | AK67: 114.3 | AL67: 111.8 | AM67: 113.3 | AN67: 118.8
A68: Rural | B68: 2014 | C68: November | D68: 2014 November | E68: 122.7 | F68: 122.6 | G68: 119.9 | H68: 124 | I68: 110.5 | J68: 128.8 | K68: 152 | L68: 116.2 | M68: 103.3 | N68: 115.8 | O68: 116.8 | P68: 124.5 | Q68: 124.9 | R68: 120.8 | S68: 123.3 | T68: 120.5 | U68: 122.9 | V68: NA | W68: 117.1 | X68: 117.3 | Y68: 118.1 | Z68: 115.9 | AA68: 112 | AB68: 113.3 | AC68: 117.2 | AD68: 108.8 | AE68: 114.1 | AF68: 121.1 | AG68: 1582 | AH68: 120.8 | AI68: 243.8 | AJ68: 575.4 | AK68: 115.9 | AL68: 112 | AM68: 113.3 | AN68: 117.2
A69: Urban | B69: 2014 | C69: November | D69: 2014 November | E69: 124.5 | F69: 125.6 | G69: 122.7 | H69: 124.6 | I69: 103.2 | J69: 122.2 | K69: 153.2 | L69: 119.3 | M69: 99.8 | N69: 124.6 | O69: 115.8 | P69: 126.9 | Q69: 125.4 | R69: 125.8 | S69: 120.3 | T69: 115.4 | U69: 119.5 | V69: 117.1 | W69: 117.1 | X69: 112.6 | Y69: 116.4 | Z69: 113 | AA69: 109.7 | AB69: 114 | AC69: 120.3 | AD69: 109.6 | AE69: 113.4 | AF69: 119 | AG69: 1587.8 | AH69: 125.8 | AI69: 235.7 | AJ69: 569.1 | AK69: 113 | AL69: 109.7 | AM69: 114 | AN69: 120.3
A70: Rural+Urban | B70: 2014 | C70: November | D70: 2014 November | E70: 123.3 | F70: 123.7 | G70: 121 | H70: 124.2 | I70: 107.8 | J70: 125.7 | K70: 152.4 | L70: 117.2 | M70: 102.1 | N70: 118.7 | O70: 116.4 | P70: 125.6 | Q70: 125.1 | R70: 122.1 | S70: 122.1 | T70: 118.4 | U70: 121.6 | V70: 117.1 | W70: 117.1 | X70: 115.5 | Y70: 117.3 | Z70: 114.8 | AA70: 110.8 | AB70: 113.7 | AC70: 119 | AD70: 109.1 | AE70: 113.8 | AF70: 120.1 | AG70: 1583.2 | AH70: 122.1 | AI70: 240.5 | AJ70: 572.8 | AK70: 114.8 | AL70: 110.8 | AM70: 113.7 | AN70: 119
A71: Rural | B71: 2014 | C71: December | D71: 2014 December | E71: 122.4 | F71: 122.4 | G71: 121.8 | H71: 124.2 | I71: 110.2 | J71: 128.6 | K71: 140.3 | L71: 116.3 | M71: 102 | N71: 116 | O71: 117.3 | P71: 124.8 | Q71: 123.3 | R71: 121.7 | S71: 123.8 | T71: 120.6 | U71: 123.3 | V71: NA | W71: 116.5 | X71: 117.4 | Y71: 118.2 | Z71: 116.2 | AA71: 111.5 | AB71: 113.3 | AC71: 117.7 | AD71: 109.4 | AE71: 114.2 | AF71: 120.3 | AG71: 1569.6 | AH71: 121.7 | AI71: 244.4 | AJ71: 575.7 | AK71: 116.2 | AL71: 111.5 | AM71: 113.3 | AN71: 117.7
A72: Urban | B72: 2014 | C72: December | D72: 2014 December | E72: 124 | F72: 124.7 | G72: 126.3 | H72: 124.9 | I72: 103 | J72: 122.3 | K72: 141 | L72: 120.1 | M72: 97.8 | N72: 125.4 | O72: 116.1 | P72: 127.6 | Q72: 124 | R72: 126.4 | S72: 120.7 | T72: 115.8 | U72: 120 | V72: 116.5 | W72: 116.5 | X72: 113 | Y72: 116.8 | Z72: 113.2 | AA72: 108.8 | AB72: 114.3 | AC72: 120.7 | AD72: 110.4 | AE72: 113.4 | AF72: 118.4 | AG72: 1577.2 | AH72: 126.4 | AI72: 236.5 | AJ72: 570.1 | AK72: 113.2 | AL72: 108.8 | AM72: 114.3 | AN72: 120.7
A73: Rural+Urban | B73: 2014 | C73: December | D73: 2014 December | E73: 122.9 | F73: 123.2 | G73: 123.5 | H73: 124.5 | I73: 107.6 | J73: 125.7 | K73: 140.5 | L73: 117.6 | M73: 100.6 | N73: 119.1 | O73: 116.8 | P73: 126.1 | Q73: 123.6 | R73: 123 | S73: 122.6 | T73: 118.6 | U73: 122 | V73: 116.5 | W73: 116.5 | X73: 115.7 | Y73: 117.5 | Z73: 115.1 | AA73: 110.1 | AB73: 113.9 | AC73: 119.5 | AD73: 109.8 | AE73: 113.8 | AF73: 119.4 | AG73: 1571.7 | AH73: 123 | AI73: 241.2 | AJ73: 573.3 | AK73: 115.1 | AL73: 110.1 | AM73: 113.9 | AN73: 119.5
A74: Rural | B74: 2015 | C74: January | D74: 2015 January | E74: 123.1 | F74: 123.1 | G74: 122.1 | H74: 124.9 | I74: 111 | J74: 130.4 | K74: 132.3 | L74: 117.2 | M74: 100.5 | N74: 117.2 | O74: 117.9 | P74: 125.6 | Q74: 122.8 | R74: 122.7 | S74: 124.4 | T74: 121.6 | U74: 124 | V74: NA | W74: 117.3 | X74: 118.4 | Y74: 118.9 | Z74: 116.6 | AA74: 111 | AB74: 114 | AC74: 118.2 | AD74: 110.2 | AE74: 114.5 | AF74: 120.3 | AG74: 1568.1 | AH74: 122.7 | AI74: 246 | AJ74: 579.3 | AK74: 116.6 | AL74: 111 | AM74: 114 | AN74: 118.2
A75: Urban | B75: 2015 | C75: January | D75: 2015 January | E75: 124 | F75: 125.5 | G75: 126.6 | H75: 125.2 | I75: 104.3 | J75: 121.3 | K75: 134.4 | L75: 122.9 | M75: 96.1 | N75: 126.6 | O75: 116.5 | P75: 128 | Q75: 123.5 | R75: 127.4 | S75: 121 | T75: 116.1 | U75: 120.2 | V75: 117.3 | W75: 117.3 | X75: 113.4 | Y75: 117.2 | Z75: 113.7 | AA75: 107.9 | AB75: 114.6 | AC75: 120.8 | AD75: 111.4 | AE75: 113.4 | AF75: 118.5 | AG75: 1574.9 | AH75: 127.4 | AI75: 237.1 | AJ75: 572.7 | AK75: 113.7 | AL75: 107.9 | AM75: 114.6 | AN75: 120.8
A76: Rural+Urban | B76: 2015 | C76: January | D76: 2015 January | E76: 123.4 | F76: 123.9 | G76: 123.8 | H76: 125 | I76: 108.5 | J76: 126.2 | K76: 133 | L76: 119.1 | M76: 99 | N76: 120.3 | O76: 117.3 | P76: 126.7 | Q76: 123.1 | R76: 124 | S76: 123.1 | T76: 119.3 | U76: 122.5 | V76: 117.3 | W76: 117.3 | X76: 116.5 | Y76: 118.1 | Z76: 115.5 | AA76: 109.4 | AB76: 114.3 | AC76: 119.7 | AD76: 110.7 | AE76: 114 | AF76: 119.5 | AG76: 1569.3 | AH76: 124 | AI76: 242.4 | AJ76: 576.6 | AK76: 115.5 | AL76: 109.4 | AM76: 114.3 | AN76: 119.7
A77: Rural | B77: 2015 | C77: February | D77: 2015 February | E77: 123.4 | F77: 124.4 | G77: 122.1 | H77: 125.8 | I77: 111.5 | J77: 129.4 | K77: 128.2 | L77: 118.8 | M77: 100 | N77: 118.6 | O77: 118.8 | P77: 126.8 | Q77: 122.8 | R77: 124.2 | S77: 125.4 | T77: 122.7 | U77: 125 | V77: NA | W77: 118.1 | X77: 120 | Y77: 119.6 | Z77: 117.7 | AA77: 110.9 | AB77: 114.8 | AC77: 118.7 | AD77: 110.8 | AE77: 115 | AF77: 120.6 | AG77: 1570.6 | AH77: 124.2 | AI77: 248.1 | AJ77: 583.5 | AK77: 117.7 | AL77: 110.9 | AM77: 114.8 | AN77: 118.7
A78: Urban | B78: 2015 | C78: February | D78: 2015 February | E78: 124.3 | F78: 126.5 | G78: 119.5 | H78: 125.6 | I78: 104.9 | J78: 121.6 | K78: 131.8 | L78: 125.1 | M78: 95 | N78: 127.7 | O78: 116.8 | P78: 128.6 | Q78: 123.7 | R78: 128.1 | S78: 121.3 | T78: 116.5 | U78: 120.6 | V78: 118.1 | W78: 118.1 | X78: 114 | Y78: 117.7 | Z78: 114.1 | AA78: 106.8 | AB78: 114.9 | AC78: 120.4 | AD78: 111.7 | AE78: 113.2 | AF78: 118.7 | AG78: 1571.1 | AH78: 128.1 | AI78: 237.8 | AJ78: 574.7 | AK78: 114.1 | AL78: 106.8 | AM78: 114.9 | AN78: 120.4
A79: Rural+Urban | B79: 2015 | C79: February | D79: 2015 February | E79: 123.7 | F79: 125.1 | G79: 121.1 | H79: 125.7 | I79: 109.1 | J79: 125.8 | K79: 129.4 | L79: 120.9 | M79: 98.3 | N79: 121.6 | O79: 118 | P79: 127.6 | Q79: 123.1 | R79: 125.2 | S79: 123.8 | T79: 120.1 | U79: 123.3 | V79: 118.1 | W79: 118.1 | X79: 117.7 | Y79: 118.7 | Z79: 116.3 | AA79: 108.7 | AB79: 114.9 | AC79: 119.7 | AD79: 111.2 | AE79: 114.1 | AF79: 119.7 | AG79: 1569.4 | AH79: 125.2 | AI79: 243.9 | AJ79: 579.8 | AK79: 116.3 | AL79: 108.7 | AM79: 114.9 | AN79: 119.7
A80: Rural | B80: 2015 | C80: March | D80: 2015 March | E80: 123.3 | F80: 124.7 | G80: 118.9 | H80: 126 | I80: 111.8 | J80: 130.9 | K80: 128 | L80: 119.9 | M80: 98.9 | N80: 119.4 | O80: 118.9 | P80: 127.7 | Q80: 123.1 | R80: 124.7 | S80: 126 | T80: 122.9 | U80: 125.5 | V80: NA | W80: 118.6 | X80: 120.6 | Y80: 120.2 | Z80: 118.2 | AA80: 111.6 | AB80: 115.5 | AC80: 119.4 | AD80: 110.8 | AE80: 115.5 | AF80: 121.1 | AG80: 1571.5 | AH80: 124.7 | AI80: 248.9 | AJ80: 585.7 | AK80: 118.2 | AL80: 111.6 | AM80: 115.5 | AN80: 119.4
A81: Urban | B81: 2015 | C81: March | D81: 2015 March | E81: 124 | F81: 126.7 | G81: 113.5 | H81: 125.9 | I81: 104.8 | J81: 123.8 | K81: 131.4 | L81: 127.2 | M81: 93.2 | N81: 127.4 | O81: 117 | P81: 129.2 | Q81: 123.9 | R81: 128.8 | S81: 121.7 | T81: 116.9 | U81: 120.9 | V81: 118.6 | W81: 118.6 | X81: 114.4 | Y81: 118 | Z81: 114.3 | AA81: 108.4 | AB81: 115.4 | AC81: 120.6 | AD81: 111.3 | AE81: 113.8 | AF81: 119.1 | AG81: 1568 | AH81: 128.8 | AI81: 238.6 | AJ81: 576.1 | AK81: 114.3 | AL81: 108.4 | AM81: 115.4 | AN81: 120.6
A82: Rural+Urban | B82: 2015 | C82: March | D82: 2015 March | E82: 123.5 | F82: 125.4 | G82: 116.8 | H82: 126 | I82: 109.2 | J82: 127.6 | K82: 129.2 | L82: 122.4 | M82: 97 | N82: 122.1 | O82: 118.1 | P82: 128.4 | Q82: 123.4 | R82: 125.8 | S82: 124.3 | T82: 120.4 | U82: 123.7 | V82: 118.6 | W82: 118.6 | X82: 118.3 | Y82: 119.2 | Z82: 116.7 | AA82: 109.9 | AB82: 115.4 | AC82: 120.1 | AD82: 111 | AE82: 114.7 | AF82: 120.2 | AG82: 1569.1 | AH82: 125.8 | AI82: 244.7 | AJ82: 581.8 | AK82: 116.7 | AL82: 109.9 | AM82: 115.4 | AN82: 120.1
A83: Rural | B83: 2015 | C83: April | D83: 2015 April | E83: 123.3 | F83: 125.5 | G83: 117.2 | H83: 126.8 | I83: 111.9 | J83: 134.2 | K83: 127.5 | L83: 121.5 | M83: 97.8 | N83: 119.8 | O83: 119.4 | P83: 128.7 | Q83: 123.6 | R83: 125.7 | S83: 126.4 | T83: 123.3 | U83: 126 | V83: NA | W83: 119.2 | X83: 121.2 | Y83: 120.9 | Z83: 118.6 | AA83: 111.9 | AB83: 116.2 | AC83: 119.9 | AD83: 111.6 | AE83: 116 | AF83: 121.5 | AG83: 1577.2 | AH83: 125.7 | AI83: 249.7 | AJ83: 588.9 | AK83: 118.6 | AL83: 111.9 | AM83: 116.2 | AN83: 119.9
A84: Urban | B84: 2015 | C84: April | D84: 2015 April | E84: 123.8 | F84: 128.2 | G84: 110 | H84: 126.3 | I84: 104.5 | J84: 130.6 | K84: 130.8 | L84: 131.3 | M84: 91.6 | N84: 127.7 | O84: 117.2 | P84: 129.5 | Q84: 124.6 | R84: 130.1 | S84: 122.1 | T84: 117.2 | U84: 121.3 | V84: 119.2 | W84: 119.2 | X84: 114.7 | Y84: 118.4 | Z84: 114.6 | AA84: 108.4 | AB84: 115.6 | AC84: 121.7 | AD84: 111.8 | AE84: 114.2 | AF84: 119.7 | AG84: 1576.1 | AH84: 130.1 | AI84: 239.3 | AJ84: 578.3 | AK84: 114.6 | AL84: 108.4 | AM84: 115.6 | AN84: 121.7
A85: Rural+Urban | B85: 2015 | C85: April | D85: 2015 April | E85: 123.5 | F85: 126.4 | G85: 114.4 | H85: 126.6 | I85: 109.2 | J85: 132.5 | K85: 128.6 | L85: 124.8 | M85: 95.7 | N85: 122.4 | O85: 118.5 | P85: 129.1 | Q85: 124 | R85: 126.9 | S85: 124.7 | T85: 120.8 | U85: 124.1 | V85: 119.2 | W85: 119.2 | X85: 118.7 | Y85: 119.7 | Z85: 117.1 | AA85: 110.1 | AB85: 115.9 | AC85: 121 | AD85: 111.7 | AE85: 115.1 | AF85: 120.7 | AG85: 1575.7 | AH85: 126.9 | AI85: 245.5 | AJ85: 584.4 | AK85: 117.1 | AL85: 110.1 | AM85: 115.9 | AN85: 121
A86: Rural | B86: 2015 | C86: May | D86: 2015 May | E86: 123.5 | F86: 127.1 | G86: 117.3 | H86: 127.7 | I86: 112.5 | J86: 134.1 | K86: 128.5 | L86: 124.3 | M86: 97.6 | N86: 120.7 | O86: 120.2 | P86: 129.8 | Q86: 124.4 | R86: 126.7 | S86: 127.3 | T86: 124.1 | U86: 126.8 | V86: NA | W86: 119.6 | X86: 121.9 | Y86: 121.5 | Z86: 119.4 | AA86: 113.3 | AB86: 116.7 | AC86: 120.5 | AD86: 112.3 | AE86: 116.9 | AF86: 122.4 | AG86: 1587.7 | AH86: 126.7 | AI86: 251.4 | AJ86: 592.2 | AK86: 119.4 | AL86: 113.3 | AM86: 116.7 | AN86: 120.5
A87: Urban | B87: 2015 | C87: May | D87: 2015 May | E87: 123.8 | F87: 129.7 | G87: 111.3 | H87: 126.6 | I87: 105.2 | J87: 130.8 | K87: 135.6 | L87: 142.6 | M87: 90.8 | N87: 128.8 | O87: 117.7 | P87: 129.9 | Q87: 126.1 | R87: 131.3 | S87: 122.4 | T87: 117.4 | U87: 121.6 | V87: 119.6 | W87: 119.6 | X87: 114.9 | Y87: 118.7 | Z87: 114.9 | AA87: 110.8 | AB87: 116 | AC87: 122 | AD87: 112.4 | AE87: 115.2 | AF87: 120.7 | AG87: 1598.9 | AH87: 131.3 | AI87: 239.8 | AJ87: 580.8 | AK87: 114.9 | AL87: 110.8 | AM87: 116 | AN87: 122
A88: Rural+Urban | B88: 2015 | C88: May | D88: 2015 May | E88: 123.6 | F88: 128 | G88: 115 | H88: 127.3 | I88: 109.8 | J88: 132.6 | K88: 130.9 | L88: 130.5 | M88: 95.3 | N88: 123.4 | O88: 119.2 | P88: 129.8 | Q88: 125 | R88: 127.9 | S88: 125.4 | T88: 121.3 | U88: 124.7 | V88: 119.6 | W88: 119.6 | X88: 119.2 | Y88: 120.2 | Z88: 117.7 | AA88: 112 | AB88: 116.3 | AC88: 121.4 | AD88: 112.3 | AE88: 116.1 | AF88: 121.6 | AG88: 1590.4 | AH88: 127.9 | AI88: 246.7 | AJ88: 587.4 | AK88: 117.7 | AL88: 112 | AM88: 116.3 | AN88: 121.4
A89: Rural | B89: 2015 | C89: June | D89: 2015 June | E89: 124.1 | F89: 130.4 | G89: 122.1 | H89: 128.7 | I89: 114.1 | J89: 133.2 | K89: 135.2 | L89: 131.9 | M89: 96.3 | N89: 123 | O89: 121.1 | P89: 131.2 | Q89: 126.6 | R89: 128.2 | S89: 128.4 | T89: 125.1 | U89: 128 | V89: NA | W89: 119 | X89: 122.6 | Y89: 122.8 | Z89: 120.4 | AA89: 114.2 | AB89: 117.9 | AC89: 122 | AD89: 113 | AE89: 117.9 | AF89: 124.1 | AG89: 1617.9 | AH89: 128.2 | AI89: 253.5 | AJ89: 595.3 | AK89: 120.4 | AL89: 114.2 | AM89: 117.9 | AN89: 122
A90: Urban | B90: 2015 | C90: June | D90: 2015 June | E90: 123.6 | F90: 134.4 | G90: 120.9 | H90: 127.3 | I90: 106 | J90: 132.3 | K90: 146.7 | L90: 148.1 | M90: 89.8 | N90: 130.5 | O90: 118 | P90: 130.5 | Q90: 128.5 | R90: 132.1 | S90: 123.2 | T90: 117.6 | U90: 122.3 | V90: 119 | W90: 119 | X90: 115.1 | Y90: 119.2 | Z90: 115.4 | AA90: 111.7 | AB90: 116.2 | AC90: 123.8 | AD90: 112.5 | AE90: 116 | AF90: 121.7 | AG90: 1636.6 | AH90: 132.1 | AI90: 240.8 | AJ90: 581.8 | AK90: 115.4 | AL90: 111.7 | AM90: 116.2 | AN90: 123.8
A91: Rural+Urban | B91: 2015 | C91: June | D91: 2015 June | E91: 123.9 | F91: 131.8 | G91: 121.6 | H91: 128.2 | I91: 111.1 | J91: 132.8 | K91: 139.1 | L91: 137.4 | M91: 94.1 | N91: 125.5 | O91: 119.8 | P91: 130.9 | Q91: 127.3 | R91: 129.2 | S91: 126.4 | T91: 122 | U91: 125.7 | V91: 119 | W91: 119 | X91: 119.8 | Y91: 121.1 | Z91: 118.5 | AA91: 112.9 | AB91: 116.9 | AC91: 123.1 | AD91: 112.8 | AE91: 117 | AF91: 123 | AG91: 1623.5 | AH91: 129.2 | AI91: 248.4 | AJ91: 589.7 | AK91: 118.5 | AL91: 112.9 | AM91: 116.9 | AN91: 123.1
A92: Rural | B92: 2015 | C92: July | D92: 2015 July | E92: 124 | F92: 131.5 | G92: 122 | H92: 128.7 | I92: 113.5 | J92: 133.3 | K92: 140.8 | L92: 133.8 | M92: 94.1 | N92: 123.4 | O92: 121 | P92: 131.7 | Q92: 127.5 | R92: 129.4 | S92: 128.8 | T92: 125.5 | U92: 128.3 | V92: NA | W92: 119.9 | X92: 123 | Y92: 123 | Z92: 120.8 | AA92: 114.1 | AB92: 118 | AC92: 122.9 | AD92: 112.7 | AE92: 118.1 | AF92: 124.7 | AG92: 1625.3 | AH92: 129.4 | AI92: 254.3 | AJ92: 596.7 | AK92: 120.8 | AL92: 114.1 | AM92: 118 | AN92: 122.9
A93: Urban | B93: 2015 | C93: July | D93: 2015 July | E93: 123.2 | F93: 134.3 | G93: 119.5 | H93: 127.7 | I93: 106.3 | J93: 132.8 | K93: 153.5 | L93: 149.5 | M93: 85.7 | N93: 131.5 | O93: 118.3 | P93: 131.1 | Q93: 129.5 | R93: 133.1 | S93: 123.5 | T93: 117.9 | U93: 122.7 | V93: 119.9 | W93: 119.9 | X93: 115.3 | Y93: 119.5 | Z93: 116 | AA93: 111.5 | AB93: 116.6 | AC93: 125.4 | AD93: 111.7 | AE93: 116.3 | AF93: 122.4 | AG93: 1642.9 | AH93: 133.1 | AI93: 241.4 | AJ93: 582.7 | AK93: 116 | AL93: 111.5 | AM93: 116.6 | AN93: 125.4
A94: Rural+Urban | B94: 2015 | C94: July | D94: 2015 July | E94: 123.7 | F94: 132.5 | G94: 121 | H94: 128.3 | I94: 110.9 | J94: 133.1 | K94: 145.1 | L94: 139.1 | M94: 91.3 | N94: 126.1 | O94: 119.9 | P94: 131.4 | Q94: 128.2 | R94: 130.4 | S94: 126.7 | T94: 122.3 | U94: 126.1 | V94: 119.9 | W94: 119.9 | X94: 120.1 | Y94: 121.3 | Z94: 119 | AA94: 112.7 | AB94: 117.2 | AC94: 124.4 | AD94: 112.3 | AE94: 117.2 | AF94: 123.6 | AG94: 1630.6 | AH94: 130.4 | AI94: 249 | AJ94: 590.8 | AK94: 119 | AL94: 112.7 | AM94: 117.2 | AN94: 124.4
A95: Rural | B95: 2015 | C95: August | D95: 2015 August | E95: 124.7 | F95: 131.3 | G95: 121.3 | H95: 128.8 | I95: 114 | J95: 134.2 | K95: 153.6 | L95: 137.9 | M95: 93.1 | N95: 123.9 | O95: 121.5 | P95: 132.5 | Q95: 129.8 | R95: 130.1 | S95: 129.5 | T95: 126.3 | U95: 129 | V95: NA | W95: 120.9 | X95: 123.8 | Y95: 123.7 | Z95: 121.1 | AA95: 113.6 | AB95: 118.5 | AC95: 123.6 | AD95: 112.5 | AE95: 118.2 | AF95: 126.1 | AG95: 1646.6 | AH95: 130.1 | AI95: 255.8 | AJ95: 599.1 | AK95: 121.1 | AL95: 113.6 | AM95: 118.5 | AN95: 123.6
A96: Urban | B96: 2015 | C96: August | D96: 2015 August | E96: 123.1 | F96: 131.7 | G96: 118.1 | H96: 128 | I96: 106.8 | J96: 130.1 | K96: 165.5 | L96: 156 | M96: 85.3 | N96: 132.7 | O96: 118.8 | P96: 131.7 | Q96: 131.1 | R96: 134.2 | S96: 123.7 | T96: 118.2 | U96: 122.9 | V96: 120.9 | W96: 120.9 | X96: 115.3 | Y96: 120 | Z96: 116.6 | AA96: 109.9 | AB96: 117.2 | AC96: 126.2 | AD96: 112 | AE96: 116.2 | AF96: 123.2 | AG96: 1658.9 | AH96: 134.2 | AI96: 241.9 | AJ96: 584.4 | AK96: 116.6 | AL96: 109.9 | AM96: 117.2 | AN96: 126.2
A97: Rural+Urban | B97: 2015 | C97: August | D97: 2015 August | E97: 124.2 | F97: 131.4 | G97: 120.1 | H97: 128.5 | I97: 111.4 | J97: 132.3 | K97: 157.6 | L97: 144 | M97: 90.5 | N97: 126.8 | O97: 120.4 | P97: 132.1 | Q97: 130.3 | R97: 131.2 | S97: 127.2 | T97: 122.9 | U97: 126.6 | V97: 120.9 | W97: 120.9 | X97: 120.6 | Y97: 122 | Z97: 119.4 | AA97: 111.7 | AB97: 117.8 | AC97: 125.1 | AD97: 112.3 | AE97: 117.2 | AF97: 124.8 | AG97: 1649.6 | AH97: 131.2 | AI97: 250.1 | AJ97: 593 | AK97: 119.4 | AL97: 111.7 | AM97: 117.8 | AN97: 125.1
A98: Rural | B98: 2015 | C98: September | D98: 2015 September | E98: 125.1 | F98: 131.1 | G98: 120.7 | H98: 129.2 | I98: 114.7 | J98: 132.3 | K98: 158.9 | L98: 142.1 | M98: 92.5 | N98: 125.4 | O98: 121.9 | P98: 132.7 | Q98: 131 | R98: 131 | S98: 130.4 | T98: 126.8 | U98: 129.9 | V98: NA | W98: 121.6 | X98: 123.7 | Y98: 124.5 | Z98: 121.4 | AA98: 113.8 | AB98: 119.6 | AC98: 124.5 | AD98: 113.7 | AE98: 118.8 | AF98: 127 | AG98: 1657.6 | AH98: 131 | AI98: 257.2 | AJ98: 602.3 | AK98: 121.4 | AL98: 113.8 | AM98: 119.6 | AN98: 124.5
A99: Urban | B99: 2015 | C99: September | D99: 2015 September | E99: 123.4 | F99: 129 | G99: 115.6 | H99: 128.3 | I99: 107 | J99: 124 | K99: 168.5 | L99: 165.4 | M99: 86.3 | N99: 134.4 | O99: 119.1 | P99: 132.3 | Q99: 131.5 | R99: 134.7 | S99: 124 | T99: 118.6 | U99: 123.2 | V99: 121.6 | W99: 121.6 | X99: 115.1 | Y99: 120.4 | Z99: 117.1 | AA99: 109.1 | AB99: 117.3 | AC99: 126.5 | AD99: 112.9 | AE99: 116.2 | AF99: 123.5 | AG99: 1664.8 | AH99: 134.7 | AI99: 242.6 | AJ99: 586.2 | AK99: 117.1 | AL99: 109.1 | AM99: 117.3 | AN99: 126.5
A100: Rural+Urban | B100: 2015 | C100: September | D100: 2015 September | E100: 124.6 | F100: 130.4 | G100: 118.7 | H100: 128.9 | I100: 111.9 | J100: 128.4 | K100: 162.2 | L100: 150 | M100: 90.4 | N100: 128.4 | O100: 120.7 | P100: 132.5 | Q100: 131.2 | R100: 132 | S100: 127.9 | T100: 123.4 | U100: 127.2 | V100: 121.6 | W100: 121.6 | X100: 120.4 | Y100: 122.6 | Z100: 119.8 | AA100: 111.3 | AB100: 118.3 | AC100: 125.7 | AD100: 113.4 | AE100: 117.5 | AF100: 125.4 | AG100: 1658.3 | AH100: 132 | AI100: 251.3 | AJ100: 595.5 | AK100: 119.8 | AL100: 111.3 | AM100: 118.3 | AN100: 125.7
...

Sheet Problem statement

Sheet ana-1
E4: Year | F4: 2023
E5: Month | F5: May
E7: Row Labels | F7: Sum of Food category | G7: Sum of Education cat | H7: Sum of Recreation & amusement cat | I7: Sum of Transport category | J7: Sum of Health category | K7: Sum of Housing categpry | L7: Sum of Clothing category | M7: Sum of Tobacco category
E8: Rural | F8: 2290.7 | G8: 180.3 | H8: 173.8 | I8: 169.7 | J8: 187.8 | K8: 902.3 | L8: 379.1 | M8: 199.9
E9: Rural+Urban | F9: 2306.9 | G9: 177.1 | H9: 171.2 | I9: 164.8 | J9: 185.7 | K9: 894.5 | L9: 367 | M9: 201
E10: Urban | F10: 2335.1 | G10: 174.8 | H10: 169.2 | I10: 160.4 | J10: 182.2 | K10: 886.3 | L10: 349.4 | M10: 204.2
E11: Grand Total | F11: 6932.7 | G11: 532.2 | H11: 514.2 | I11: 494.9 | J11: 555.7 | K11: 2683.1 | L11: 1095.5 | M11: 605.1
E41: Row Labels | F41: Month | G41: Sum of Food category | H41: Sum of Education cat | I41: Sum of Recreation & amusement cat | J41: Sum of Transport category | K41: Sum of Health category | L41: Sum of Housing categpry | M41: Sum of Clothing category | N41: Sum of Tobacco category | O41: Total | P41: % of Food category | Q41: % of Education cat | R41: % of Recreation & amusement cat | S41: % of Transport category | T41: % of Health category | U41: % of Housing categpry | V41: % of Clothing category | W41: % of Tobacco category
E42: Rural | F42: 2023 May | G42: =SUMIFS('CIP-Main data'!$AG$1:$AG$373,'CIP-Main data'!$A$1:$A$373,'ana-1'!$E42,'CIP-Main data'!$D$1:$D$373,'ana-1'!$F42) -> 2290.7 | H42: 180.3 | I42: 173.8 | J42: 169.7 | K42: 187.8 | L42: 902.3 | M42: 379.1 | N42: 199.9 | O42: =SUM(G42:N42) -> 4483.6 | P42: =(G$42/$O$42) -> 0.51090641 | Q42: =(H$42/$O$42) -> 0.040213222 | R42: =(I$42/$O$42) -> 0.038763494 | S42: =(J$42/$O$42) -> 0.03784905 | T42: =(K$42/$O$42) -> 0.041885984 | U42: =(L$42/$O$42) -> 0.20124454 | V42: =(M$42/$O$42) -> 0.084552592 | W42: =(N$42/$O$42) -> 0.044584709
E43: Rural+Urban | F43: 2023 May | G43: =SUMIFS('CIP-Main data'!$AG$1:$AG$373,'CIP-Main data'!$A$1:$A$373,'ana-1'!$E43,'CIP-Main data'!$D$1:$D$373,'ana-1'!$F43) -> 2306.9 | H43: 177.1 | I43: 171.2 | J43: 164.8 | K43: 185.7 | L43: 894.5 | M43: 367 | N43: 201 | O43: =SUM(F43:N43) -> 4468.2 | P43: =(G$43/$O$43) -> 0.51629291 | Q43: =(H$43/$O$43) -> 0.039635647 | R43: =(I$43/$O$43) -> 0.038315205 | S43: =(J$43/$O$43) -> 0.036882861 | T43: =(K$43/$O$43) -> 0.04156036 | U43: =(L$43/$O$43) -> 0.20019247 | V43: =(M$43/$O$43) -> 0.082135983 | W43: =(N$43/$O$43) -> 0.044984558
E44: Urban | F44: 2023 May | G44: =SUMIFS('CIP-Main data'!$AG$1:$AG$373,'CIP-Main data'!$A$1:$A$373,'ana-1'!$E44,'CIP-Main data'!$D$1:$D$373,'ana-1'!$F44) -> 2335.1 | H44: 174.8 | I44: 169.2 | J44: 160.4 | K44: 182.2 | L44: 886.3 | M44: 349.4 | N44: 204.2 | O44: =SUM(G44:N44) -> 4461.6 | P44: =(G$44/$O$44) -> 0.52337726 | Q44: =(H$44/$O$44) -> 0.03917877 | R44: =(I$44/$O$44) -> 0.037923615 | S44: =(J$44/$O$44) -> 0.035951228 | T44: =(K$44/$O$44) -> 0.040837368 | U44: =(L$44/$O$44) -> 0.19865071 | V44: =(M$44/$O$44) -> 0.078312713 | W44: =(N$44/$O$44) -> 0.045768334

Sheet Ana-2
K15: Rural + Urban
K17: Row Labels | L17: Sum of General index | M17: Inflation
I18: Rural+Urban | K18: 2013 | L18: =SUMIFS('CIP-Main data'!$AF$1:$AF$373,'CIP-Main data'!$A$1:$A$373,'Ana-2'!$I$18,'CIP-Main data'!$B$1:$B$373,'Ana-2'!$K18) -> 1320.4
K19: 2014 | L19: 1408.2 | M19: =(L19-L18)/L18 -> 0.066495002
K20: 2015 | L20: 1477.3 | M20: =(L20-L19)/L19 -> 0.049069734
K21: 2016 | L21: 1550.4 | M21: =(L21-L20)/L20 -> 0.049482163
K22: 2017 | L22: 1602 | M22: =(L22-L21)/L21 -> 0.033281734
K23: 2018 | L23: 1665.3 | M23: =(L23-L22)/L22 -> 0.039513109
K24: 2019 | L24: 1586 | M24: =(L24-L23)/L23 -> -0.047619048
K25: 2020 | L25: 1836.2996 | M25: =(L25-L24)/L24 -> 0.15781813
K26: 2021 | L26: 1937.5 | M26: =(L26-L25)/L25 -> 0.055111073
K27: 2022 | L27: 2065.8 | M27: =(L27-L26)/L26 -> 0.066219355
K28: 2023 | L28: 888.1 | M28: =(L28-L27)/L27 -> -0.57009391
AD33: 2020
K34: Row Labels | L34: Sum of Food category | M34: YOY Inflation | N34: Tobacco category | O34: YOY Inflation | P34: Clothing category | Q34: YOY Inflation | R34: Health category | S34: YOY Inflation | T34: Transport category | U34: YOY Inflation | V34: Recreation & amusement cat | W34: YOY Inflation | X34: Education cat | Y34: YOY Inflation | Z34: Housing category | AA34: YOY Inflation | AD34: Broader Categories | AE34: YOY Inflation
K35: 2017 | L35: =SUMIFS('CIP-Main data'!$AG$1:$AG$373,'CIP-Main data'!$B$1:$B$373,'Ana-2'!$K35) -> 63105.7 | N35: =SUMIFS('CIP-Main data'!$AH$1:$AH$373,'CIP-Main data'!$B$1:$B$373,'Ana-2'!$K35) -> 5356.2 | P35: =SUMIFS('CIP-Main data'!$AI$1:$AI$373,'CIP-Main data'!$B$1:$B$373,'Ana-2'!$K35) -> 9726.3 | R35: =SUMIFS('CIP-Main data'!$AK$1:$AK$373,'CIP-Main data'!$B$1:$B$373,'Ana-2'!$K35) -> 4641.8 | T35: =SUMIFS('CIP-Main data'!$AL$1:$AL$373,'CIP-Main data'!$B$1:$B$373,'Ana-2'!$K35) -> 4227.5 | V35: =SUMIFS('CIP-Main data'!$AM$1:$AM$373,'CIP-Main data'!$B$1:$B$373,'Ana-2'!$K35) -> 4566.1 | X35: =SUMIFS('CIP-Main data'!$AN$1:$AN$373,'CIP-Main data'!$B$1:$B$373,'Ana-2'!$K35) -> 4902.7 | Z35: =SUMIFS('CIP-Main data'!$AJ$1:$AJ$373,'CIP-Main data'!$B$1:$B$373,'Ana-2'!$K35) -> 23215.6 | AD35: Food category | AE35: 0.1921605
K36: 2018 | L36: 63691.5 | M36: =(L36-L35)/L35 -> 0.0092828382 | N36: 5725.3 | O36: =(N36-N35)/N35 -> 0.068910795 | P36: 10161 | Q36: =(P36-P35)/P35 -> 0.044693254 | R36: 4932.2 | S36: =(R36-R35)/R35 -> 0.062561937 | T36: 4440.1 | U36: =(T36-T35)/T35 -> 0.050289769 | V36: 4800.8 | W36: =(V36-V35)/V35 -> 0.051400539 | X36: 5185.3 | Y36: =(X36-X35)/X35 -> 0.057641708 | Z36: 24597.5 | AA36: =(Z36-Z35)/Z35 -> 0.05952463 | AD36: Tobacco category | AE36: 0.18906342
K37: 2019 | L37: 60559.8 | M37: =(L37-L36)/L36 -> -0.049169826 | N37: 5473.7 | O37: =(N37-N36)/N36 -> -0.043945295 | P37: 9500.7 | Q37: =(P37-P36)/P36 -> -0.064983761 | R37: 4848.5 | S37: =(R37-R36)/R36 -> -0.016970115 | T37: 4151 | U37: =(T37-T36)/T36 -> -0.065111146 | V37: 4634 | W37: =(V37-V36)/V36 -> -0.034744209 | X37: 5073.5 | Y37: =(X37-X36)/X36 -> -0.021560951 | Z37: 23415.7 | AA37: =(Z37-Z36)/Z36 -> -0.048045533 | AD37: Clothing category | AE37: 0.11756195
K38: 2020 | L38: 72197.002 | M38: =(L38-L37)/L37 -> 0.1921605 | N38: 6508.5765 | O38: =(N38-N37)/N37 -> 0.18906342 | P38: 10617.621 | Q38: =(P38-P37)/P37 -> 0.11756195 | R38: 5519.0656 | S38: =(R38-R37)/R37 -> 0.13830373 | T38: 4918.459 | U38: =(T38-T37)/T37 -> 0.18488533 | V38: 5283.9948 | W38: =(V38-V37)/V37 -> 0.14026648 | X38: 5673.8444 | Y38: =(X38-X37)/X37 -> 0.11832943 | Z38: 26811.767 | AA38: =(Z38-Z37)/Z37 -> 0.14503377 | AD38: Health category | AE38: 0.13830373
K39: 2021 | L39: 76441.9 | M39: =(L39-L38)/L38 -> 0.058796049 | N39: 6900.4 | O39: =(N39-N38)/N38 -> 0.060201111 | P39: 11272.6 | Q39: =(P39-P38)/P38 -> 0.061687939 | R39: 5944.8 | S39: =(R39-R38)/R38 -> 0.07713885 | T39: 5425.2 | U39: =(T39-T38)/T38 -> 0.10302841 | V39: 5614 | W39: =(V39-V38)/V38 -> 0.062453723 | X39: 5851.3 | Y39: =(X39-X38)/X38 -> 0.031276085 | Z39: 28488.6 | AA39: =(Z39-Z38)/Z38 -> 0.062540923 | AD39: Transport category | AE39: 0.18488533
K40: 2022 | L40: 80879 | M40: =(L40-L39)/L39 -> 0.058045391 | N40: 7039.9 | O40: =(N40-N39)/N39 -> 0.020216219 | P40: 12432.3 | Q40: =(P40-P39)/P39 -> 0.10287777 | R40: 6312.7 | S40: =(R40-R39)/R39 -> 0.061886018 | T40: 5804.7 | U40: =(T40-T39)/T39 -> 0.069951338 | V40: 5972.4 | W40: =(V40-V39)/V39 -> 0.063840399 | X40: 6127.1 | Y40: =(X40-X39)/X39 -> 0.047134825 | Z40: 30485.5 | AA40: =(Z40-Z39)/Z39 -> 0.070094705 | AD40: Recreation & amusement cat | AE40: 0.14026648
K41: 2023 | L41: 34396.7 | M41: =(L41-L40)/L40 -> -0.57471408 | N41: 3006.5 | O41: =(N41-N40)/N40 -> -0.57293427 | P41: 5448.3 | Q41: =(P41-P40)/P40 -> -0.56176251 | R41: 2758.5 | S41: =(R41-R40)/R40 -> -0.56302375 | T41: 2466.2 | U41: =(T41-T40)/T40 -> -0.57513739 | V41: 2559 | W41: =(V41-V40)/V40 -> -0.57152903 | X41: 2638.1 | Y41: =(X41-X40)/X40 -> -0.56943742 | Z41: 13295.7 | AA41: =(Z41-Z40)/Z40 -> -0.56386807 | AD41: Education cat | AE41: 0.11832943
L42: =SUM(L35:L41) -> 451271.6 | M42: =SUM(M36:M41) -> -0.30559913 | N42: =SUM(N35:N41) -> 40010.576 | O42: =SUM(O36:O41) -> -0.27848802 | P42: =SUM(P35:P41) -> 69158.821 | Q42: =SUM(Q36:Q41) -> -0.29992535 | R42: =SUM(R35:R41) -> 34957.566 | S42: =SUM(S36:S41) -> -0.24010333 | T42: =SUM(T35:T41) -> 31433.159 | U42: =SUM(U36:U41) -> -0.23209369 | V42: =SUM(V35:V41) -> 33430.295 | W42: =SUM(W36:W41) -> -0.28831211 | X42: =SUM(X35:X41) -> 35451.844 | Y42: =SUM(Y36:Y41) -> -0.33661632 | Z42: =SUM(Z35:Z41) -> 170310.37 | AA42: =SUM(AA36:AA41) -> -0.27471957 | AD42: Housing category | AE42: 0.14503377

Sheet Ana-3
M3: Cereals and products | N3: MoM Inflation | O3: Sum of Food and beverages | P3: MoM Inflation | Q3: Sum of Prepared meals, snacks, sweets etc. | R3: MoM Inflation | S3: Sum of Non-alcoholic beverages | T3: MoM Inflation | U3: Sum of Spices | V3: MoM Inflation | W3: Sum of Sugar and Confectionery | X3: MoM Inflation | Y3: Sum of Pulses and products | Z3: MoM Inflation | AA3: Sum of Vegetables | AB3: MoM Inflation | AC3: Sum of Fruits | AD3: MoM Inflation | AE3: Sum of Oils and fats | AF3: MoM Inflation | AG3: Sum of Milk and products | AH3: MoM Inflation | AI3: Sum of Egg | AJ3: MoM Inflation | AK3: Sum of Meat and fish | AL3: MoM Inflation | AR3: June 2022-May 2023
L4: 2022 June | M4: =SUMIFS('CIP-Main data'!$E$1:$E$373,'CIP-Main data'!$D$1:$D$373,'Ana-3'!$L4) -> 466.3 | O4: =SUMIFS('CIP-Main data'!$Q$1:$Q$373,'CIP-Main data'!$D$1:$D$373,'Ana-3'!$L4) -> 526.6 | Q4: =SUMIFS('CIP-Main data'!$P$1:$P$373,'CIP-Main data'!$D$1:$D$373,'Ana-3'!$L4) -> 552.1 | S4: =SUMIFS('CIP-Main data'!$O$1:$O$373,'CIP-Main data'!$D$1:$D$373,'Ana-3'!$L4) -> 501.2 | U4: =SUMIFS('CIP-Main data'!$N$1:$N$373,'CIP-Main data'!$D$1:$D$373,'Ana-3'!$L4) -> 559.5 | W4: =SUMIFS('CIP-Main data'!$M$1:$M$373,'CIP-Main data'!$D$1:$D$373,'Ana-3'!$L4) -> 360.4 | Y4: =SUMIFS('CIP-Main data'!$L$1:$L$373,'CIP-Main data'!$D$1:$D$373,'Ana-3'!$L4) -> 492.5 | AA4: =SUMIFS('CIP-Main data'!$K$1:$K$373,'CIP-Main data'!$D$1:$D$373,'Ana-3'!$L4) -> 561.1 | AC4: =SUMIFS('CIP-Main data'!$J$1:$J$373,'CIP-Main data'!$D$1:$D$373,'Ana-3'!$L4) -> 509.6 | AE4: =SUMIFS('CIP-Main data'!$I$1:$I$373,'CIP-Main data'!$D$1:$D$373,'Ana-3'!$L4) -> 597.6 | AG4: =SUMIFS('CIP-Main data'!$H$1:$H$373,'CIP-Main data'!$D$1:$D$373,'Ana-3'!$L4) -> 497.6 | AI4: =SUMIFS('CIP-Main data'!$G$1:$G$373,'CIP-Main data'!$D$1:$D$373,'Ana-3'!$L4) -> 513.2 | AK4: =SUMIFS('CIP-Main data'!$F$1:$F$373,'CIP-Main data'!$D$1:$D$373,'Ana-3'!$L4) -> 660 | AR4: Cereals and products | AS4: 0.11309709
D5: Month with year | E5: Food category | F5: Inflation | L5: 2022 July | M5: 471 | N5: =(M5-M4)/M4 -> 0.010079348 | O5: 526.9 | P5: =(O5-O4)/O4 -> 0.00056969237 | Q5: 556 | R5: =(Q5-Q4)/Q4 -> 0.0070639377 | S5: 502.7 | T5: =(S5-S4)/S4 -> 0.0029928172 | U5: 568.1 | V5: =(U5-U4)/U4 -> 0.015370867 | W5: 360.7 | X5: =(W5-W4)/W4 -> 0.00083240844 | Y5: 492.7 | Z5: =(Y5-Y4)/Y4 -> 0.00040609137 | AA5: 559.2 | AB5: =(AA5-AA4)/AA4 -> -0.0033862057 | AC5: 523.3 | AD5: =(AC5-AC4)/AC4 -> 0.02688383 | AE5: 582.8 | AF5: =(AE5-AE4)/AE4 -> -0.02476573 | AG5: 500 | AH5: =(AG5-AG4)/AG4 -> 0.0048231511 | AI5: 526.1 | AJ5: =(AI5-AI4)/AI4 -> 0.025136399 | AK5: 640.9 | AL5: =(AK5-AK4)/AK4 -> -0.028939394 | AR5: Meat and fish | AS5: -0.021180873
D6: 2022 June | E6: =SUMIFS('CIP-Main data'!$AG$1:$AG$373,'CIP-Main data'!$D$1:$D$373,'Ana-3'!$D6) -> 6797.7 | L6: 2022 August | M6: 481.9 | N6: 0.023142251 | O6: 530.6 | P6: 0.0070222054 | Q6: 559.2 | R6: 0.0057553957 | S6: 504.1 | T6: 0.0027849612 | U6: 578.9 | V6: 0.019010738 | W6: 363.3 | X6: 0.0072082063 | Y6: 501.6 | Z6: 0.01806373 | AA6: 572.9 | AB6: 0.024499285 | AC6: 519.2 | AD6: -0.0078348939 | AE6: 573 | AF6: -0.016815374 | AG6: 504.4 | AH6: 0.0088 | AI6: 508.1 | AJ6: -0.034214028 | AK6: 621.5 | AL6: -0.030269933 | AR6: Egg | AS6: 0.025085116
D7: 2022 July | E7: 6810.4 | F7: =(E7-E6)/E6 -> 0.001868279 | L7: 2022 September | M7: 491.3 | N7: 0.019506122 | O7: 535.1 | P7: 0.0084809649 | Q7: 562.6 | R7: 0.0060801144 | S7: 505.9 | T7: 0.0035707201 | U7: 590 | V7: 0.019174296 | W7: 365.5 | X7: 0.0060556014 | Y7: 507.3 | Z7: 0.011363636 | AA7: 589.5 | AB7: 0.028975388 | AC7: 497.3 | AD7: -0.042180277 | AE7: 562.1 | AF7: -0.019022688 | AG7: 509.3 | AH7: 0.0097145123 | AI7: 509.6 | AJ7: 0.0029521748 | AK7: 629.6 | AL7: 0.013032985 | AR7: Milk and products | AS7: 0.079344722
D8: 2022 August | E8: 6818.7 | F8: =(E8-E7)/E7 -> 0.0012187243 | L8: 2022 October | M8: 496.3 | N8: 0.010177081 | O8: 540.3 | P8: 0.0097178098 | Q8: 565.4 | R8: 0.004976893 | S8: 507.3 | T8: 0.0027673453 | U8: 597.9 | V8: 0.013389831 | W8: 366.4 | X8: 0.0024623803 | Y8: 509.4 | Z8: 0.0041395624 | AA8: 613.1 | AB8: 0.040033927 | AC8: 491.7 | AD8: -0.011260808 | AE8: 555.8 | AF8: -0.01120797 | AG8: 512.8 | AH8: 0.0068721775 | AI8: 513.1 | AJ8: 0.0068681319 | AK8: 634.6 | AL8: 0.0079415502 | AR8: Oils and fats | AS8: -0.16068758
D9: 2022 September | E9: 6855.1 | F9: =(E9-E8)/E8 -> 0.005338261 | L9: 2022 November | M9: 502.7 | N9: 0.012895426 | O9: 536.2 | P9: -0.0075883768 | Q9: 568.8 | R9: 0.0060134418 | S9: 508.9 | T9: 0.0031539523 | U9: 606.4 | V9: 0.014216424 | W9: 367 | X9: 0.0016375546 | Y9: 511.7 | Z9: 0.0045151158 | AA9: 560.2 | AB9: -0.086282825 | AC9: 482.4 | AD9: -0.018913972 | AE9: 562.9 | AF9: 0.012774379 | AG9: 516.9 | AH9: 0.0079953198 | AI9: 544.8 | AJ9: 0.061781329 | AK9: 630 | AL9: -0.0072486606 | AR9: Fruits | AS9: 0.01956658
D10: 2022 October | E10: 6904.1 | F10: =(E10-E9)/E9 -> 0.0071479628 | L10: 2022 December | M10: 508.2 | N10: 0.010940919 | O10: 528.9 | P10: -0.013614323 | Q10: 571.3 | R10: 0.004395218 | S10: 510.6 | T10: 0.0033405384 | U10: 613.2 | V10: 0.01121372 | W10: 366.1 | X10: -0.0024523161 | Y10: 512.6 | Z10: 0.0017588431 | AA10: 488.8 | AB10: -0.12745448 | AC10: 474.2 | AD10: -0.016998342 | AE10: 561.5 | AF10: -0.0024871203 | AG10: 520.9 | AH10: 0.0077384407 | AI10: 571.2 | AJ10: 0.04845815 | AK10: 628.8 | AL10: -0.0019047619 | AR10: Vegetables | AS10: -0.11025198
D11: 2022 November | E11: 6898.9 | F11: =(E11-E10)/E10 -> -0.00075317565 | L11: 2023 January | M11: 521.1 | N11: 0.025383707 | O11: 531.2 | P11: 0.0043486481 | Q11: 574 | R11: 0.0047260634 | S11: 512 | T11: 0.0027418723 | U11: 623.2 | V11: 0.016307893 | W11: 364.1 | X11: -0.0054629883 | Y11: 512.8 | Z11: 0.00039016777 | AA11: 472.1 | AB11: -0.034165303 | AC11: 475.1 | AD11: 0.0018979334 | AE11: 557.8 | AF11: -0.0065894924 | AG11: 524.1 | AH11: 0.0061432137 | AI11: 584.4 | AJ11: 0.023109244 | AK11: 634.2 | AL11: 0.0085877863 | AR11: Pulses and products | AS11: 0.068883627
D12: 2022 December | E12: 6856.3 | F12: =(E12-E11)/E11 -> -0.0061748974 | G12: Lowest | L12: 2023 February | M12: 523.3 | N12: 0.0042218384 | O12: 532.5 | P12: 0.0024472892 | Q12: 579.5 | R12: 0.0095818815 | S12: 514.8 | T12: 0.00546875 | U12: 626.6 | V12: 0.0054557125 | W12: 361 | X12: -0.0085141445 | Y12: 513.6 | Z12: 0.0015600624 | AA12: 469.4 | AB12: -0.0057191273 | AC12: 508.8 | AD12: 0.070932435 | AE12: 534.9 | AF12: -0.041054141 | AG12: 532.2 | AH12: 0.015455066 | AI12: 526.3 | AJ12: -0.099418207 | AK12: 625.1 | AL12: -0.014348786 | AR12: Sugar and Confectionery | AS12: 0.02325793
D13: 2023 January | E13: 6886.1 | F13: =(E13-E12)/E12 -> 0.0043463676 | L13: 2023 March | M13: 523.4 | N13: 0.00019109497 | O13: 532.6 | P13: 0.00018779343 | Q13: 579.5 | R13: 0 | S13: 514.8 | T13: 0 | U13: 626.6 | V13: 0 | W13: 361 | X13: 0 | Y13: 513.8 | Z13: 0.0003894081 | AA13: 469.6 | AB13: 0.00042607584 | AC13: 508.8 | AD13: 0 | AE13: 534.7 | AF13: -0.00037390166 | AG13: 532.2 | AH13: 0 | AI13: 526.3 | AJ13: 0 | AK13: 625.1 | AL13: 0 | AR13: Spices | AS13: 0.1525662
D14: 2023 February | E14: 6848 | F14: =(E14-E13)/E13 -> -0.0055328851 | L14: 2023 April | M14: 521.9 | N14: -0.002865877 | O14: 535.5 | P14: 0.0054449869 | Q14: 581 | R14: 0.0025884383 | S14: 516.6 | T14: 0.0034965035 | U14: 636.2 | V14: 0.015320779 | W14: 364.8 | X14: 0.010526316 | Y14: 520.9 | Z14: 0.013818606 | AA14: 478.1 | AB14: 0.018100511 | AC14: 529.2 | AD14: 0.04009434 | AE14: 522.1 | AF14: -0.023564616 | AG14: 535.4 | AH14: 0.0060127772 | AI14: 509.9 | AJ14: -0.031160935 | AK14: 629.9 | AL14: 0.0076787714 | AR14: Non-alcoholic beverages | AS14: 0.033027487
D15: 2023 March | E15: 6848.4 | F15: =(E15-E14)/E14 -> 5.8411215e-05 | L15: 2023 May | M15: 521.6 | N15: -0.00057482276 | O15: 539 | P15: 0.0065359477 | Q15: 583 | R15: 0.0034423408 | S15: 518 | T15: 0.0027100271 | U15: 650.9 | V15: 0.023105942 | W15: 368.8 | X15: 0.010964912 | Y15: 527.4 | Z15: 0.012478403 | AA15: 494.7 | AB15: 0.03472077 | AC15: 517 | AD15: -0.023053666 | AE15: 507.7 | AF15: -0.027580923 | AG15: 538.5 | AH15: 0.0057900635 | AI15: 520.9 | AJ15: 0.021572857 | AK15: 645.2 | AL15: 0.02428957 | AR15: Prepared meals, snacks, sweets etc. | AS15: 0.054623725
D16: 2023 April | E16: 6881.5 | F16: =(E16-E15)/E15 -> 0.0048332457 | L16: Total | M16: =SUM(M4:M15) -> 6029 | N16: =SUM(N5:N15) -> 0.11309709 | O16: =SUM(O4:O15) -> 6395.4 | P16: =SUM(P5:P15) -> 0.023552638 | Q16: =SUM(Q4:Q15) -> 6832.4 | R16: =SUM(R5:R15) -> 0.054623725 | S16: =SUM(S4:S15) -> 6116.9 | T16: =SUM(T5:T15) -> 0.033027487 | U16: =SUM(U4:U14) -> 6626.6 | V16: =SUM(V5:V15) -> 0.1525662 | W16: =SUM(W4:W15) -> 4369.1 | X16: =SUM(X5:X15) -> 0.02325793 | Y16: =SUM(Y4:Y15) -> 6116.3 | Z16: =SUM(Z5:Z15) -> 0.068883627 | AA16: =SUM(AA4:AA15) -> 6328.7 | AB16: =SUM(AB5:AB15) -> -0.11025198 | AC16: =SUM(AC4:AC15) -> 6036.6 | AD16: =SUM(AD5:AD15) -> 0.01956658 | AE16: =SUM(AE4:AE15) -> 6652.9 | AF16: =SUM(AF5:AF15) -> -0.16068758 | AG16: =SUM(AG4:AG15) -> 6224.3 | AH16: =SUM(AH5:AH15) -> 0.079344722 | AI16: =SUM(AI4:AI15) -> 6353.9 | AJ16: =SUM(AJ5:AJ15) -> 0.025085116 | AK16: =SUM(AK4:AK15) -> 7604.9 | AL16: =SUM(AL5:AL15) -> -0.021180873 | AR16: Food and beverages | AS16: 0.023552638
D17: 2023 May | E17: 6932.7 | F17: =(E17-E16)/E16 -> 0.0074402383 | G17: Highest
L40: Row Labels | M40: Sum of Cereals and products | N40: Sum of Food and beverages | O40: Sum of Prepared meals, snacks, sweets etc. | P40: Sum of Non-alcoholic beverages | Q40: Sum of Spices | R40: Sum of Sugar and Confectionery | S40: Sum of Pulses and products | T40: Sum of Vegetables | U40: Sum of Fruits | V40: Sum of Oils and fats | W40: Sum of Milk and products | X40: Sum of Egg | Y40: Sum of Meat and fish
L41: 2022 August | M41: 481.9 | N41: 530.6 | O41: 559.2 | P41: 504.1 | Q41: 578.9 | R41: 363.3 | S41: 501.6 | T41: 572.9 | U41: 519.2 | V41: 573 | W41: 504.4 | X41: 508.1 | Y41: 621.5
L42: 2022 December | M42: 508.2 | N42: 528.9 | O42: 571.3 | P42: 510.6 | Q42: 613.2 | R42: 366.1 | S42: 512.6 | T42: 488.8 | U42: 474.2 | V42: 561.5 | W42: 520.9 | X42: 571.2 | Y42: 628.8
L43: 2022 July | M43: 471 | N43: 526.9 | O43: 556 | P43: 502.7 | Q43: 568.1 | R43: 360.7 | S43: 492.7 | T43: 559.2 | U43: 523.3 | V43: 582.8 | W43: 500 | X43: 526.1 | Y43: 640.9
L44: 2022 June | M44: 466.3 | N44: 526.6 | O44: 552.1 | P44: 501.2 | Q44: 559.5 | R44: 360.4 | S44: 492.5 | T44: 561.1 | U44: 509.6 | V44: 597.6 | W44: 497.6 | X44: 513.2 | Y44: 660
L45: 2022 May | M45: 463.7 | N45: 521.6 | O45: 547.8 | P45: 498.8 | Q45: 552.9 | R45: 359.8 | S45: 493.8 | T45: 538.5 | U45: 513.5 | V45: 601.8 | W45: 494.9 | X45: 487.9 | Y45: 652.9
L46: 2022 November | M46: 502.7 | N46: 536.2 | O46: 568.8 | P46: 508.9 | Q46: 606.4 | R46: 367 | S46: 511.7 | T46: 560.2 | U46: 482.4 | V46: 562.9 | W46: 516.9 | X46: 544.8 | Y46: 630
L47: 2022 October | M47: 496.3 | N47: 540.3 | O47: 565.4 | P47: 507.3 | Q47: 597.9 | R47: 366.4 | S47: 509.4 | T47: 613.1 | U47: 491.7 | V47: 555.8 | W47: 512.8 | X47: 513.1 | Y47: 634.6
L48: 2022 September | M48: 491.3 | N48: 535.1 | O48: 562.6 | P48: 505.9 | Q48: 590 | R48: 365.5 | S48: 507.3 | T48: 589.5 | U48: 497.3 | V48: 562.1 | W48: 509.3 | X48: 509.6 | Y48: 629.6
L49: 2023 April | M49: 521.9 | N49: 535.5 | O49: 581 | P49: 516.6 | Q49: 636.2 | R49: 364.8 | S49: 520.9 | T49: 478.1 | U49: 529.2 | V49: 522.1 | W49: 535.4 | X49: 509.9 | Y49: 629.9
L50: 2023 February | M50: 523.3 | N50: 532.5 | O50: 579.5 | P50: 514.8 | Q50: 626.6 | R50: 361 | S50: 513.6 | T50: 469.4 | U50: 508.8 | V50: 534.9 | W50: 532.2 | X50: 526.3 | Y50: 625.1
L51: 2023 January | M51: 521.1 | N51: 531.2 | O51: 574 | P51: 512 | Q51: 623.2 | R51: 364.1 | S51: 512.8 | T51: 472.1 | U51: 475.1 | V51: 557.8 | W51: 524.1 | X51: 584.4 | Y51: 634.2
L52: 2023 March | M52: 523.4 | N52: 532.6 | O52: 579.5 | P52: 514.8 | Q52: 626.6 | R52: 361 | S52: 513.8 | T52: 469.6 | U52: 508.8 | V52: 534.7 | W52: 532.2 | X52: 526.3 | Y52: 625.1
... L54: Grand Total | M54: 6492.7 | N54: 6917 | O54: 7380.2 | P54: 6615.7 | Q54: 7830.4 | R54: 4728.9 | S54: 6610.1 | T54: 6867.2 | U54: 6550.1 | V54: 7254.7 | W54: 6719.2 | X54: 6841.8 | Y54: 8257.8
B133: =CONCATENATE($B133," ",$C133) -> 2015 December
B134: =CONCATENATE($B134," ",$C134) -> 2015 December
B135: =CONCATENATE($B135," ",$C135) -> 2015 December
B136: =CONCATENATE($B136," ",$C136) -> 2016 January
B137: =CONCATENATE($B137," ",$C137) -> 2016 January
B138: =CONCATENATE($B138," ",$C138) -> 2016 January
B139: =CONCATENATE($B139," ",$C139) -> 2016 February
B140: =CONCATENATE($B140," ",$C140) -> 2016 February
B141: =CONCATENATE($B141," ",$C141) -> 2016 February
B142: =CONCATENATE($B142," ",$C142) -> 2016 March
B143: =CONCATENATE($B143," ",$C143) -> 2016 March
B144: =CONCATENATE($B144," ",$C144) -> 2016 March
... B399: =CONCATENATE($B399," ",$C399) -> 2023 May

Sheet Ana-4
F4: MOM | G4: Total of Food category | H4: Inflation | W4: MOM | X4: Sum of Health category | Y4: Inflation | AM4: MOM | AN4: Sum of R&A category | AO4: Inflation | BD4: MOM | BE4: Sum of Education category | BF4: Inflation
F5: 2019 March | G5: 5292.5 | W5: 2019 March | X5: 435.8 | AM5: 2019 March | AN5: 414.5 | BD5: 2019 March | BE5: 452.5
F6: 2019 May | G6: =SUMIFS('CIP-Main data'!$AG$1:$AG$373,'CIP-Main data'!$D$1:$D$373,'Ana-4'!$F6) -> 5385.5 | H6: =(G6-G5)/G5 -> 0.017572036 | W6: 2019 May | X6: =SUMIFS('CIP-Main data'!$AK$1:$AK$373,'CIP-Main data'!$D$1:$D$373,'Ana-4'!$W6) -> 438 | Y6: =(X6-X5)/X5 -> 0.0050481872 | AM6: 2019 May | AN6: =SUMIFS('CIP-Main data'!$AM$1:$AM$373,'CIP-Main data'!$D$1:$D$373,'Ana-4'!$AM6) -> 419.1 | AO6: =(AN6-AN5)/AN5 -> 0.011097708 | BD6: 2019 May | BE6: =SUMIFS('CIP-Main data'!$AN$1:$AN$373,'CIP-Main data'!$D$1:$D$373,'Ana-4'!$BD6) -> 456.3 | BF6: =(BE6-BE5)/BE5 -> 0.0083977901
F7: 2019 June | G7: =SUMIFS('CIP-Main data'!$AG$1:$AG$373,'CIP-Main data'!$D$1:$D$373,'Ana-4'!$F7) -> 5451.6 | H7: =(G7-G6)/G6 -> 0.012273698 | W7: 2019 June | X7: =SUMIFS('CIP-Main data'!$AK$1:$AK$373,'CIP-Main data'!$D$1:$D$373,'Ana-4'!$W7) -> 439.4 | Y7: =(X7-X6)/X6 -> 0.003196347 | AM7: 2019 June | AN7: =SUMIFS('CIP-Main data'!$AM$1:$AM$373,'CIP-Main data'!$D$1:$D$373,'Ana-4'!$AM7) -> 420.3 | AO7: =(AN7-AN6)/AN6 -> 0.0028632785 | BD7: 2019 June | BE7: =SUMIFS('CIP-Main data'!$AN$1:$AN$373,'CIP-Main data'!$D$1:$D$373,'Ana-4'!$BD7) -> 459.1 | BF7: =(BE7-BE6)/BE6 -> 0.0061363138
F8: 2019 July | G8: =SUMIFS('CIP-Main data'!$AG$1:$AG$373,'CIP-Main data'!$D$1:$D$373,'Ana-4'!$F8) -> 5521.8 | H8: =(G8-G7)/G7 -> 0.012876954 | W8: 2019 July | X8: =SUMIFS('CIP-Main data'!$AK$1:$AK$373,'CIP-Main data'!$D$1:$D$373,'Ana-4'!$W8) -> 440.9 | Y8: =(X8-X7)/X7 -> 0.003413746 | AM8: 2019 July | AN8: =SUMIFS('CIP-Main data'!$AM$1:$AM$373,'CIP-Main data'!$D$1:$D$373,'Ana-4'!$AM8) -> 423 | AO8: =(AN8-AN7)/AN7 -> 0.0064239829 | BD8: 2019 July | BE8: =SUMIFS('CIP-Main data'!$AN$1:$AN$373,'CIP-Main data'!$D$1:$D$373,'Ana-4'!$BD8) -> 463.5 | BF8: =(BE8-BE7)/BE7 -> 0.0095839686
F9: 2019 August | G9: =SUMIFS('CIP-Main data'!$AG$1:$AG$373,'CIP-Main data'!$D$1:$D$373,'Ana-4'!$F9) -> 5550.1 | H9: =(G9-G8)/G8 -> 0.0051251404 | W9: 2019 August | X9: =SUMIFS('CIP-Main data'!$AK$1:$AK$373,'CIP-Main data'!$D$1:$D$373,'Ana-4'!$W9) -> 442.7 | Y9: =(X9-X8)/X8 -> 0.0040825584 | AM9: 2019 August | AN9: =SUMIFS('CIP-Main data'!$AM$1:$AM$373,'CIP-Main data'!$D$1:$D$373,'Ana-4'!$AM9) -> 424.3 | AO9: =(AN9-AN8)/AN8 -> 0.0030732861 | BD9: 2019 August | BE9: =SUMIFS('CIP-Main data'!$AN$1:$AN$373,'CIP-Main data'!$D$1:$D$373,'Ana-4'!$BD9) -> 466.1 | BF9: =(BE9-BE8)/BE8 -> 0.005609493
F10: 2019 September | G10: =SUMIFS('CIP-Main data'!$AG$1:$AG$373,'CIP-Main data'!$D$1:$D$373,'Ana-4'!$F10) -> 5581.3 | H10: =(G10-G9)/G9 -> 0.0056215203 | W10: 2019 September | X10: =SUMIFS('CIP-Main data'!$AK$1:$AK$373,'CIP-Main data'!$D$1:$D$373,'Ana-4'!$W10) -> 444.3 | Y10: =(X10-X9)/X9 -> 0.0036141857 | AM10: 2019 September | AN10: =SUMIFS('CIP-Main data'!$AM$1:$AM$373,'CIP-Main data'!$D$1:$D$373,'Ana-4'!$AM10) -> 425.5 | AO10: =(AN10-AN9)/AN9 -> 0.0028281876 | BD10: 2019 September | BE10: =SUMIFS('CIP-Main data'!$AN$1:$AN$373,'CIP-Main data'!$D$1:$D$373,'Ana-4'!$BD10) -> 467 | BF10: =(BE10-BE9)/BE9 -> 0.0019309161
F11: 2019 October | G11: =SUMIFS('CIP-Main data'!$AG$1:$AG$373,'CIP-Main data'!$D$1:$D$373,'Ana-4'!$F11) -> 5665.1 | H11: =(G11-G10)/G10 -> 0.015014423 | W11: 2019 October | X11: =SUMIFS('CIP-Main data'!$AK$1:$AK$373,'CIP-Main data'!$D$1:$D$373,'Ana-4'!$W11) -> 445.5 | Y11: =(X11-X10)/X10 -> 0.0027008778 | AM11: 2019 October | AN11: =SUMIFS('CIP-Main data'!$AM$1:$AM$373,'CIP-Main data'!$D$1:$D$373,'Ana-4'!$AM11) -> 426.6 | AO11: =(AN11-AN10)/AN10 -> 0.0025851939 | BD11: 2019 October | BE11: =SUMIFS('CIP-Main data'!$AN$1:$AN$373,'CIP-Main data'!$D$1:$D$373,'Ana-4'!$BD11) -> 467.8 | BF11: =(BE11-BE10)/BE10 -> 0.0017130621
F12: 2019 November | G12: =SUMIFS('CIP-Main data'!$AG$1:$AG$373,'CIP-Main data'!$D$1:$D$373,'Ana-4'!$F12) -> 5739.5 | H12: =(G12-G11)/G11 -> 0.013133043 | W12: 2019 November | X12: =SUMIFS('CIP-Main data'!$AK$1:$AK$373,'CIP-Main data'!$D$1:$D$373,'Ana-4'!$W12) -> 447 | Y12: =(X12-X11)/X11 -> 0.0033670034 | AM12: 2019 November | AN12: =SUMIFS('CIP-Main data'!$AM$1:$AM$373,'CIP-Main data'!$D$1:$D$373,'Ana-4'!$AM12) -> 427.9 | AO12: =(AN12-AN11)/AN11 -> 0.0030473511 | BD12: 2019 November | BE12: =SUMIFS('CIP-Main data'!$AN$1:$AN$373,'CIP-Main data'!$D$1:$D$373,'Ana-4'!$BD12) -> 468.1 | BF12: =(BE12-BE11)/BE11 -> 0.0006412997
F13: 2019 December | G13: =SUMIFS('CIP-Main data'!$AG$1:$AG$373,'CIP-Main data'!$D$1:$D$373,'Ana-4'!$F13) -> 5843.8 | H13: =(G13-G12)/G12 -> 0.018172315 | W13: 2019 December | X13: =SUMIFS('CIP-Main data'!$AK$1:$AK$373,'CIP-Main data'!$D$1:$D$373,'Ana-4'!$W13) -> 448.4 | Y13: =(X13-X12)/X12 -> 0.0031319911 | AM13: 2019 December | AN13: =SUMIFS('CIP-Main data'!$AM$1:$AM$373,'CIP-Main data'!$D$1:$D$373,'Ana-4'!$AM13) -> 428.6 | AO13: =(AN13-AN12)/AN12 -> 0.0016358962 | BD13: 2019 December | BE13: =SUMIFS('CIP-Main data'!$AN$1:$AN$373,'CIP-Main data'!$D$1:$D$373,'Ana-4'!$BD13) -> 468.7 | BF13: =(BE13-BE12)/BE12 -> 0.0012817774
F14: 2020 January | G14: =SUMIFS('CIP-Main data'!$AG$1:$AG$373,'CIP-Main data'!$D$1:$D$373,'Ana-4'!$F14) -> 5824.4 | H14: =(G14-G13)/G13 -> -0.0033197577 | W14: 2020 January | X14: =SUMIFS('CIP-Main data'!$AK$1:$AK$373,'CIP-Main data'!$D$1:$D$373,'Ana-4'!$W14) -> 450.7 | Y14: =(X14-X13)/X13 -> 0.0051293488 | AM14: 2020 January | AN14: =SUMIFS('CIP-Main data'!$AM$1:$AM$373,'CIP-Main data'!$D$1:$D$373,'Ana-4'!$AM14) -> 430.1 | AO14: =(AN14-AN13)/AN13 -> 0.0034997667 | BD14: 2020 January | BE14: =SUMIFS('CIP-Main data'!$AN$1:$AN$373,'CIP-Main data'!$D$1:$D$373,'Ana-4'!$BD14) -> 469.9 | BF14: =(BE14-BE13)/BE13 -> 0.0025602731
F15: 2020 February | G15: =SUMIFS('CIP-Main data'!$AG$1:$AG$373,'CIP-Main data'!$D$1:$D$373,'Ana-4'!$F15) -> 5738 | H15: =(G15-G14)/G14 -> -0.014834146 | W15: 2020 February | X15: =SUMIFS('CIP-Main data'!$AK$1:$AK$373,'CIP-Main data'!$D$1:$D$373,'Ana-4'!$W15) -> 452.3 | Y15: =(X15-X14)/X14 -> 0.0035500333 | AM15: 2020 February | AN15: =SUMIFS('CIP-Main data'!$AM$1:$AM$373,'CIP-Main data'!$D$1:$D$373,'Ana-4'!$AM15) -> 431.3 | AO15: =(AN15-AN14)/AN14 -> 0.0027900488 | BD15: 2020 February | BE15: =SUMIFS('CIP-Main data'!$AN$1:$AN$373,'CIP-Main data'!$D$1:$D$373,'Ana-4'!$BD15) -> 470.3 | BF15: =(BE15-BE14)/BE14 -> 0.00085124495
F16: 2020 March | G16: =SUMIFS('CIP-Main data'!$AG$1:$AG$373,'CIP-Main data'!$D$1:$D$373,'Ana-4'!$F16) -> 5688.5 | H16: =(G16-G15)/G15 -> -0.0086266992 | W16: 2020 March | X16: =SUMIFS('CIP-Main data'!$AK$1:$AK$373,'CIP-Main data'!$D$1:$D$373,'Ana-4'!$W16) -> 454 | Y16: =(X16-X15)/X15 -> 0.0037585673 | AM16: 2020 March | AN16: =SUMIFS('CIP-Main data'!$AM$1:$AM$373,'CIP-Main data'!$D$1:$D$373,'Ana-4'!$AM16) -> 432.8 | AO16: =(AN16-AN15)/AN15 -> 0.0034778576 | BD16: 2020 March | BE16: =SUMIFS('CIP-Main data'!$AN$1:$AN$373,'CIP-Main data'!$D$1:$D$373,'Ana-4'!$BD16) -> 469.8 | BF16: =(BE16-BE15)/BE15 -> -0.0010631512
F17: 2020 April | G17: =SUMIFS('CIP-Main data'!$AG$1:$AG$373,'CIP-Main data'!$D$1:$D$373,'Ana-4'!$F17) -> 5908.9 | H17: =(G17-G16)/G16 -> 0.038744836 | W17: 2020 April | X17: =SUMIFS('CIP-Main data'!$AK$1:$AK$373,'CIP-Main data'!$D$1:$D$373,'Ana-4'!$W17) -> 449.8 | Y17: =(X17-X16)/X16 -> -0.0092511013 | AM17: 2020 April | AN17: =SUMIFS('CIP-Main data'!$AM$1:$AM$373,'CIP-Main data'!$D$1:$D$373,'Ana-4'!$AM17) -> 438.65156 | AO17: =(AN17-AN16)/AN16 -> 0.013520246 | BD17: 2020 April | BE17: =SUMIFS('CIP-Main data'!$AN$1:$AN$373,'CIP-Main data'!$D$1:$D$373,'Ana-4'!$BD17) -> 468.89531 | BF17: =(BE17-BE16)/BE16 -> -0.0019256865
... F28: 2021 March | G28: =SUMIFS('CIP-Main data'!$AG$1:$AG$373,'CIP-Main data'!$D$1:$D$373,'Ana-4'!$F28) -> 6129.6 | H28: =(G28-G27)/G27 -> -0.00016311617 | W28: 2021 March | X28: =SUMIFS('CIP-Main data'!$AK$1:$AK$373,'CIP-Main data'!$D$1:$D$373,'Ana-4'!$W28) -> 483.2 | Y28: =(X28-X27)/X27 -> 0.0026976551 | AM28: 2021 March | AN28: =SUMIFS('CIP-Main data'!$AM$1:$AM$373,'CIP-Main data'!$D$1:$D$373,'Ana-4'!$AM28) -> 459 | AO28: =(AN28-AN27)/AN27 -> 0.0070206231 | BD28: 2021 March | BE28: =SUMIFS('CIP-Main data'!$AN$1:$AN$373,'CIP-Main data'!$D$1:$D$373,'Ana-4'!$BD28) -> 481.6 | BF28: =(BE28-BE27)/BE27 -> 0.0039608088

Sheet Ana-5
H2: 2022-2023
R3: Category | S3: 2022 April | T3: 2022 May | U3: 2022 June | V3: 2022 July | W3: 2022 August | X3: 2022 September | Y3: 2022 October | Z3: 2022 November | AA3: 2022 December | AB3: 2023 January | AC3: 2023 February | AD3: 2023 March | AE3: Correlation
H4: Month with year | I4: Cruid Oil Price | J4: Fluctuation | R4: Crude Oil | S4: 21626.17 | T4: 19644.254 | U4: 19209.652 | V4: 20624.254 | W4: 17637.212 | X4: 16772.21 | Y4: 18123.447 | Z4: 19003.281 | AA4: 19617.71 | AB4: 20229.31 | AC4: 19284.873 | AD4: 20928.04
H5: 2022 April | I5: 21626.17 | R5: Cereals and products | S5: =SUMIFS('CIP-Main data'!$E$1:$E$373,'CIP-Main data'!$D$1:$D$373,'Ana-5'!S$3) -> 460.1 | T5: 463.7 | U5: 466.3 | V5: 471 | W5: 481.9 | X5: 491.3 | Y5: 496.3 | Z5: 502.7 | AA5: 508.2 | AB5: 521.1 | AC5: 523.3 | AD5: 523.4 | AE5: =CORREL($S$4:$AD$4,$S5:$AD5) -> -0.04585762
H6: 2022 May | I6: 19644.254 | J6: =(I6-I5)/I5 -> -0.091644341 | R6: Meat and fish | S6: =SUMIFS('CIP-Main data'!$F$1:$F$373,'CIP-Main data'!$D$1:$D$373,'Ana-5'!S$3) -> 637.3 | T6: 652.9 | U6: 660 | V6: 640.9 | W6: 621.5 | X6: 629.6 | Y6: 634.6 | Z6: 630 | AA6: 628.8 | AB6: 634.2 | AC6: 625.1 | AD6: 625.1 | AE6: =CORREL($S$4:$AD$4,$S6:$AD6) -> 0.20618371
H7: 2022 June | I7: 19209.652 | J7: =(I7-I6)/I6 -> -0.0221236 | R7: Egg | S7: =SUMIFS('CIP-Main data'!$G$1:$G$373,'CIP-Main data'!$D$1:$D$373,'Ana-5'!S$3) -> 493.6 | T7: 487.9 | U7: 513.2 | V7: 526.1 | W7: 508.1 | X7: 509.6 | Y7: 513.1 | Z7: 544.8 | AA7: 571.2 | AB7: 584.4 | AC7: 526.3 | AD7: 526.3 | AE7: =CORREL($S$4:$AD$4,$S7:$AD7) -> 0.14263482
H8: 2022 July | I8: 20624.254 | J8: =(I8-I7)/I7 -> 0.073640166 | R8: Milk and products | S8: =SUMIFS('CIP-Main data'!$H$1:$H$373,'CIP-Main data'!$D$1:$D$373,'Ana-5'!S$3) -> 491.9 | T8: 494.9 | U8: 497.6 | V8: 500 | W8: 504.4 | X8: 509.3 | Y8: 512.8 | Z8: 516.9 | AA8: 520.9 | AB8: 524.1 | AC8: 532.2 | AD8: 532.2 | AE8: =CORREL($S$4:$AD$4,$S8:$AD8) -> -0.01337994
H9: 2022 August | I9: 17637.212 | J9: =(I9-I8)/I8 -> -0.1448315 | R9: Oils and fats | S9: =SUMIFS('CIP-Main data'!$I$1:$I$373,'CIP-Main data'!$D$1:$D$373,'Ana-5'!S$3) -> 592.9 | T9: 601.8 | U9: 597.6 | V9: 582.8 | W9: 573 | X9: 562.1 | Y9: 555.8 | Z9: 562.9 | AA9: 561.5 | AB9: 557.8 | AC9: 534.9 | AD9: 534.7 | AE9: =CORREL($S$4:$AD$4,$S9:$AD9) -> 0.12744102
H10: 2022 September | I10: 16772.21 | J10: =(I10-I9)/I9 -> -0.049044165 | R10: Fruits | S10: =SUMIFS('CIP-Main data'!$J$1:$J$373,'CIP-Main data'!$D$1:$D$373,'Ana-5'!S$3) -> 518.2 | T10: 513.5 | U10: 509.6 | V10: 523.3 | W10: 519.2 | X10: 497.3 | Y10: 491.7 | Z10: 482.4 | AA10: 474.2 | AB10: 475.1 | AC10: 508.8 | AD10: 508.8 | AE10: =CORREL($S$4:$AD$4,$S10:$AD10) -> 0.17923746
H11: 2022 October | I11: 18123.447 | J11: =(I11-I10)/I10 -> 0.080564023 | R11: Vegetables | S11: =SUMIFS('CIP-Main data'!$K$1:$K$373,'CIP-Main data'!$D$1:$D$373,'Ana-5'!S$3) -> 510.5 | T11: 538.5 | U11: 561.1 | V11: 559.2 | W11: 572.9 | X11: 589.5 | Y11: 613.1 | Z11: 560.2 | AA11: 488.8 | AB11: 472.1 | AC11: 469.4 | AD11: 469.6 | AE11: =CORREL($S$4:$AD$4,$S11:$AD11) -> -0.65375114
H12: 2022 November | I12: 19003.281 | J12: =(I12-I11)/I11 -> 0.048546736 | R12: Pulses and products | S12: =SUMIFS('CIP-Main data'!$L$1:$L$373,'CIP-Main data'!$D$1:$D$373,'Ana-5'!S$3) -> 493.8 | T12: 493.8 | U12: 492.5 | V12: 492.7 | W12: 501.6 | X12: 507.3 | Y12: 509.4 | Z12: 511.7 | AA12: 512.6 | AB12: 512.8 | AC12: 513.6 | AD12: 513.8 | AE12: =CORREL($S$4:$AD$4,$S12:$AD12) -> -0.20165335
H13: 2022 December | I13: 19617.71 | J13: =(I13-I12)/I12 -> 0.032332771 | R13: Sugar and Confectionery | S13: =SUMIFS('CIP-Main data'!$M$1:$M$373,'CIP-Main data'!$D$1:$D$373,'Ana-5'!S$3) -> 357.7 | T13: 359.8 | U13: 360.4 | V13: 360.7 | W13: 363.3 | X13: 365.5 | Y13: 366.4 | Z13: 367 | AA13: 366.1 | AB13: 364.1 | AC13: 361 | AD13: 361 | AE13: =CORREL($S$4:$AD$4,$S13:$AD13) -> -0.62324029
H14: 2023 January | I14: 20229.31 | J14: =(I14-I13)/I13 -> 0.031175921 | R14: Spices | S14: =SUMIFS('CIP-Main data'!$N$1:$N$373,'CIP-Main data'!$D$1:$D$373,'Ana-5'!S$3) -> 542.2 | T14: 552.9 | U14: 559.5 | V14: 568.1 | W14: 578.9 | X14: 590 | Y14: 597.9 | Z14: 606.4 | AA14: 613.2 | AB14: 632.2 | AC14: 626.6 | AD14: 626.6 | AE14: =CORREL($S$4:$AD$4,$S14:$AD14) -> -0.087710992
H15: 2023 February | I15: 19284.873 | J15: =(I15-I14)/I14 -> -0.046686529 | R15: Non-alcoholic beverages | S15: =SUMIFS('CIP-Main data'!$O$1:$O$373,'CIP-Main data'!$D$1:$D$373,'Ana-5'!S$3) -> 496.1 | T15: 498.8 | U15: 501.2 | V15: 502.7 | W15: 504.1 | X15: 505.9 | Y15: 507.3 | Z15: 508.9 | AA15: 510.6 | AB15: 512 | AC15: 514.8 | AD15: 514.8 | AE15: =CORREL($S$4:$AD$4,$S15:$AD15) -> -0.082070542
H16: 2023 March | I16: 20928.04 | J16: =(I16-I15)/I15 -> 0.085204946 | R16: Prepared meals, snacks, sweets etc. | S16: =SUMIFS('CIP-Main data'!$P$1:$P$373,'CIP-Main data'!$D$1:$D$373,'Ana-5'!S$3) -> 543.1 | T16: 547.8 | U16: 552.1 | V16: 556 | W16: 559.2 | X16: 562.6 | Y16: 565.4 | Z16: 568.8 | AA16: 571.3 | AB16: 574 | AC16: 579.5 | AD16: 579.5 | AE16: =CORREL($S$4:$AD$4,$S16:$AD16) -> -0.096947374
R17: Food and beverages | S17: =SUMIFS('CIP-Main data'!$Q$1:$Q$373,'CIP-Main data'!$D$1:$D$373,'Ana-5'!S$3) -> 513.9 | T17: 521.6 | U17: 526.6 | V17: 526.9 | W17: 530.6 | X17: 535.1 | Y17: 540.3 | Z17: 536.2 | AA17: 528.9 | AB17: 531.2 | AC17: 532.5 | AD17: 532.6 | AE17: =CORREL($S$4:$AD$4,$S17:$AD17) -> -0.62204279
R18: Pan, tobacco and intoxicants | S18: =SUMIFS('CIP-Main data'!$R$1:$R$373,'CIP-Main data'!$D$1:$D$373,'Ana-5'!S$3) -> 583.8 | T18: 584.5 | U18: 585.5 | V18: 586.4 | W18: 587.4 | X18: 590.1 | Y18: 591.3 | Z18: 593 | AA18: 594.3 | AB18: 596.7 | AC18: 600.5 | AD18: 600.6 | AE18: =CORREL($S$4:$AD$4,$S18:$AD18) -> 0.047898495
H19: 2021-2022 | R19: Clothing and footwear | S19: =SUMIFS('CIP-Main data'!$U$1:$U$373,'CIP-Main data'!$D$1:$D$373,'Ana-5'!S$3) -> 516.2 | T19: 521.4 | U19: 525.8 | V19: 529.6 | W19: 533.1 | X19: 537.4 | Y19: 540.5 | Z19: 543.7 | AA19: 546.5 | AB19: 549 | AC19: 552.9 | AD19: 552.9 | AE19: =CORREL($S$4:$AD$4,$S19:$AD19) -> -0.1260257
H20: Month with year | I20: Cruid Oil Price | J20: Fluctuation | R20: Housing Updated | S20: =SUMIFS('CIP-Main data'!$W$1:$W$373,'CIP-Main data'!$D$1:$D$373,'Ana-5'!S$3) -> 501 | T20: 502.5 | U20: 500.4 | V20: 503.4 | W20: 507 | X20: 508.5 | Y20: 513.6 | Z20: 515.4 | AA20: 512.1 | AB20: 516.3 | AC20: 520.5 | AD20: 520.5 | AE20: =CORREL($S$4:$AD$4,$S20:$AD20) -> -0.045326831
H21: 2021 April | I21: 18256.492 | R21: Fuel and light | S21: =SUMIFS('CIP-Main data'!$X$1:$X$373,'CIP-Main data'!$D$1:$D$373,'Ana-5'!S$3) -> 516 | T21: 523.4 | U21: 527.6 | V21: 538.7 | W21: 536.3 | X21: 538.4 | Y21: 541.3 | Z21: 543.5 | AA21: 545.4 | AB21: 545.3 | AC21: 546.5 | AD21: 545.9 | AE21: =CORREL($S$4:$AD$4,$S21:$AD21) -> -0.23223832
H22: 2021 May | I22: 17259.238 | J22: =(I22-I21)/I21 -> -0.054624621 | R22: Household goods and services | S22: =SUMIFS('CIP-Main data'!$Y$1:$Y$373,'CIP-Main data'!$D$1:$D$373,'Ana-5'!S$3) -> 491.5 | T22: 495.2 | U22: 498.8 | V22: 501.8 | W22: 505 | X22: 508.1 | Y22: 510.8 | Z22: 513.8 | AA22: 515.8 | AB22: 518.1 | AC22: 522 | AD22: 522 | AE22: =CORREL($S$4:$AD$4,$S22:$AD22) -> -0.1054757
H23: 2021 June | I23: 15904.741 | J23: =(I23-I22)/I22 -> -0.078479568 | R23: Health | S23: =SUMIFS('CIP-Main data'!$Z$1:$Z$373,'CIP-Main data'!$D$1:$D$373,'Ana-5'!S$3) -> 520 | T23: 522.6 | U23: 524.5 | V23: 526.6 | W23: 528.8 | X23: 531.8 | Y23: 534.6 | Z23: 537.9 | AA23: 541.8 | AB23: 545.5 | AC23: 551.8 | AD23: 551.8 | AE23: =CORREL($S$4:$AD$4,$S23:$AD23) -> 0.046650607
H24: 2021 July | I24: 15021.215 | J24: =(I24-I23)/I23 -> -0.055551066 | R24: Transport and communication | S24: =SUMIFS('CIP-Main data'!$AA$1:$AA$373,'CIP-Main data'!$D$1:$D$373,'Ana-5'!S$3) -> 488.1 | T24: 489.5 | U24: 483.8 | V24: 485.3 | W24: 486.2 | X24: 487.4 | Y24: 489.1 | Z24: 489.4 | AA24: 490.6 | AB24: 491.3 | AC24: 493 | AD24: 493 | AE24: =CORREL($S$4:$AD$4,$S24:$AD24) -> 0.25503703
H25: 2021 August | I25: 17386.687 | J25: =(I25-I24)/I24 -> 0.15747536 | R25: Recreation and amusement | S25: =SUMIFS('CIP-Main data'!$AB$1:$AB$373,'CIP-Main data'!$D$1:$D$373,'Ana-5'!S$3) -> 493.8 | T25: 495.9 | U25: 497.9 | V25: 499.5 | W25: 501.3 | X25: 503.4 | Y25: 505.1 | Z25: 506 | AA25: 507.2 | AB25: 509.1 | AC25: 511.5 | AD25: 511.5 | AE25: =CORREL($S$4:$AD$4,$S25:$AD25) -> -0.10357743
H26: 2021 September | I26: 17607.535 | J26: =(I26-I25)/I25 -> 0.01270214 | R26: Education | S26: =SUMIFS('CIP-Main data'!$AC$1:$AC$373,'CIP-Main data'!$D$1:$D$373,'Ana-5'!S$3) -> 501.8 | T26: 504.9 | U26: 508.1 | V26: 515.2 | W26: 517.9 | X26: 520.2 | Y26: 521.1 | Z26: 522.1 | AA26: 523.2 | AB26: 523.9 | AC26: 526 | AD26: 526 | AE26: =CORREL($S$4:$AD$4,$S26:$AD26) -> -0.27227981
H27: 2021 October | I27: 17084.175 | J27: =(I27-I26)/I26 -> -0.029723649 | R27: Personal care and effects | S27: =SUMIFS('CIP-Main data'!$AD$1:$AD$373,'CIP-Main data'!$D$1:$D$373,'Ana-5'!S$3) -> 506.2 | T27: 505.1 | U27: 508.1 | V27: 509.2 | W27: 513.7 | X27: 512.8 | Y27: 516.4 | Z27: 520.8 | AA27: 527.5 | AB27: 535.8 | AC27: 543.1 | AD27: 543.2 | AE27: =CORREL($S$4:$AD$4,$S27:$AD27) -> 0.17004127
H28: 2021 November | I28: 18340.382 | J28: =(I28-I27)/I27 -> 0.073530445 | R28: Miscellaneous | S28: =SUMIFS('CIP-Main data'!$AE$1:$AE$373,'CIP-Main data'!$D$1:$D$373,'Ana-5'!S$3) -> 500.1 | T28: 502.2 | U28: 502.3 | V28: 504.9 | W28: 507.1 | X28: 508.9 | Y28: 511.2 | Z28: 513.1 | AA28: 515.7 | AB28: 518.2 | AC28: 522 | AD28: 522 | AE28: =CORREL($S$4:$AD$4,$S28:$AD28) -> 0.013401152
H29: 2021 December | I29: 19648.116 | J29: =(I29-I28)/I28 -> 0.071303544
H30: 2022 January | I30: 19253.803 | J30: =(I30-I29)/I29 -> -0.020068715
H31: 2022 February | I31: 17588.537 | J31: =(I31-I30)/I30 -> -0.086490254
H32: 2022 March | I32: 19030.702 | J32: =(I32-I31)/I31 -> 0.081994586

Sheet Notes
